id,text,source_sub,score,post_title
o97jkew,You'll have you cocoa in a minute!,formula1,0,Newey's Caught You All Sleeping.
o98142y,"I burst out laughing, well played",formula1,0,Newey's Caught You All Sleeping.
o97kgcf,For a drunk person your spelling and grammar is on point!,formula1,0,Newey's Caught You All Sleeping.
o97kral,All of us Aston heads are functional alcoholics. It's a required test before we can purchase our entry Vantage.,formula1,0,Newey's Caught You All Sleeping.
o98cysx,"Trolling aside, I agree that the Aston would be significantly more competitive in the event of said rule change",formula1,0,Newey's Caught You All Sleeping.
o98k43b,"All teams, maybe bar Mercedes, would be...",formula1,0,Newey's Caught You All Sleeping.
o97w7q6,I appreciated the read nonetheless,formula1,0,Newey's Caught You All Sleeping.
o98y0av,I'm sober and I enjoyed it,formula1,0,Newey's Caught You All Sleeping.
o98dssh,I appreciate your thoughts and I would love to have this 4D chess move to be true. If we're playing mind games I mean its Newey and I certainly thought their PR releases have layers in them.,formula1,0,Newey's Caught You All Sleeping.
o986z7l,Obvious AI formatting,formula1,0,Newey's Caught You All Sleeping.
o989a90,"This is 90%, if not 100% chatGPT slop.",formula1,0,Newey's Caught You All Sleeping.
o98dn68,The “It’s not x. It’s y” type constructions are way too obvious 😭,formula1,0,Newey's Caught You All Sleeping.
o9ag7q1,"The moment I saw ""it's not x, it's y"", I stopped reading 😐",formula1,0,Newey's Caught You All Sleeping.
o98lke6,Chatgpt telling this guy he's so smart for thinking of this and then pumping out an AI slop post.,formula1,0,Newey's Caught You All Sleeping.
o98raen,"Also telling the AM designers they're doing genius, groundbreaking work",formula1,0,Newey's Caught You All Sleeping.
o98xqp8,"Newey: how can I fix this mess? ChatGPT: ooof, big question. First of all, not many leaders take big risks and scrap everything half way through a regulation change. That takes guts. When the day comes and you're back in the points, people won’t remember the setbacks—they’ll remember the breakthrough. And breakthroughs are exactly what legends build.",formula1,0,Newey's Caught You All Sleeping.
o9ad1tz,"You even used the em dash in the GPT answer giving it true authenticity. Nice, very nice!",formula1,0,Newey's Caught You All Sleeping.
o97zlna,Teleportation of one’s pieces. Check mate,formula1,0,Newey's Caught You All Sleeping.
o98eoco,It’s faster because it doesn’t exist ☕️,formula1,0,Newey's Caught You All Sleeping.
o97jtr8,High as a kite and then I open Reddit and see this.,formula1,0,Newey's Caught You All Sleeping.
o9855nh,"Reassuring to know there's always someone more stoned, though",formula1,0,Newey's Caught You All Sleeping.
o98clgz,It reminds me others obviously have better drugs and there is so little time to try them all.,formula1,0,Newey's Caught You All Sleeping.
o98wcrd,I believe in you. Godspeed you crazy diamond.,formula1,0,Newey's Caught You All Sleeping.
o99e29y,This is like the time I tried to gaslight reddit into cutting hardboiled eggs in half before peeling them,formula1,0,Newey's Caught You All Sleeping.
o987a01,Not as high as the hopium OP is on😂 It’s so cinematic that I half want him to be right.,formula1,0,Newey's Caught You All Sleeping.
o98kfza,"Its a win win, if OP is right its absolute cinema, and if he is wrong we get to roast him hard",formula1,0,Newey's Caught You All Sleeping.
o98mnlv,"Win-win for us, regardless",formula1,0,Newey's Caught You All Sleeping.
o98shew,"The history of this sport is so wacky that a perfectly sober and normal fan could read this and be like hah this is funny and highly highly unlikely. Then pause for a moment, look back at all the silliness and go is it really though.....?",formula1,0,Newey's Caught You All Sleeping.
o97m2zn,"TL;DR: Newey designed for regulations he knew were coming, not the ones on paper. The vibrations are theatre to accelerate the FIA's hand. Honda's ""battery crisis"" is the most expensive bluff in motorsport history. El Plan was never about patience. It was about making the entire grid think you're dead while you're building the coffin they'll lie in. Bottas picked Alonso and Stroll as his title favourites as a joke. He wasn't joking. He just doesn't know it yet. I love this. I love when the mods are asleep",formula1,0,Newey's Caught You All Sleeping.
o98l7a3,I want this printed on an Aston Martin green shirt.,formula1,0,Newey's Caught You All Sleeping.
o98fkgv,Not even Ferrari fans have the concentration of hopium,formula1,0,Newey's Caught You All Sleeping.
o99nk1n,This is either the greatest call in the sport's history or the most copium I've ever seen a single person sniff. Either way it's a generational copypasta,formula1,0,Newey's Caught You All Sleeping.
nw8wp7y,Alonso has been cracking nuts for almost 20 years,formula1,0,Who’s the GOAT of neck girth in F1?
nw9stji,I've been cracking nuts to Fernando as well,formula1,0,Who’s the GOAT of neck girth in F1?
nwb7onq,You're not the only one 🤤,formula1,0,Who’s the GOAT of neck girth in F1?
nw8w7ba,Has to be El Padre. Man’s party trick is to crack nuts with his neck And no not the fanfic kind,formula1,0,Who’s the GOAT of neck girth in F1?
nw8wqc1,"I remember when he used to post silly stories on IG , one of them where he fully shows off his neck muscles flexing on us plebs",formula1,0,Who’s the GOAT of neck girth in F1?
nw9ggkb,I remember the days of Fernando thirst traps,formula1,0,Who’s the GOAT of neck girth in F1?
nwa31az,I'm talking about the 2022 winter testing picture,formula1,0,Who’s the GOAT of neck girth in F1?
nwb26zu,I might need some proof buddy,formula1,0,Who’s the GOAT of neck girth in F1?
nwbdjq3,Holy moly that straight up looks like Rambo,formula1,0,Who’s the GOAT of neck girth in F1?
nw97pfh,Also funny to see how fucking oversized his neck is to all his other muscles: https://www.instagram.com/p/C1XOgYgOyiZ/?igsh=djc4NGg4azZ0Mjgy,formula1,0,Who’s the GOAT of neck girth in F1?
nwarhw0,Alonso is also missing one of his pectoral muscles.,formula1,0,Who’s the GOAT of neck girth in F1?
nwb49zx,Google Poland syndrome,formula1,0,Who’s the GOAT of neck girth in F1?
nw93de2,Que grande eres magic,formula1,0,Who’s the GOAT of neck girth in F1?
nw8wjsm,This is awesome 😂,formula1,0,Who’s the GOAT of neck girth in F1?
nw9hqz4,"El Padre, the man with the Nutcracker Neck.",formula1,0,Who’s the GOAT of neck girth in F1?
nw8x6kp,"Coulthard, some size of neck on oor DC.",formula1,0,Who’s the GOAT of neck girth in F1?
nw90szo,It's the JAW. You could hold a Grand Prix weekend on DC's jaw.,formula1,0,Who’s the GOAT of neck girth in F1?
nw9p1wn,I seem to remember someone (McLaren maybe) had his helmet supplier make a square helmet for him as a joke. Can’t seem to find it online so may not be true,formula1,0,Who’s the GOAT of neck girth in F1?
nw9vb2j,Austria looks kinda like DC from his upper lip down to his chin,formula1,0,Who’s the GOAT of neck girth in F1?
nwapmy3,I can't with y'all,formula1,0,Who’s the GOAT of neck girth in F1?
nw996y4,Nah he’s all about the jaw. Respectable neck size but not a standout,formula1,0,Who’s the GOAT of neck girth in F1?
nwaq3ut,"Yeah, but the neck has the strength of atlas holding up the world",formula1,0,Who’s the GOAT of neck girth in F1?
nw9z5q5,Was just about to post this. It's the only right answer.,formula1,0,Who’s the GOAT of neck girth in F1?
nw8y78t,We are well and truly into the winter break...,formula1,0,Who’s the GOAT of neck girth in F1?
nwaae1m,This is peak winter break content.,formula1,0,Who’s the GOAT of neck girth in F1?
nw99bu8,I'd love to know exactly what you expect when you come to an F1 subreddit in the off season if off season content is not it.,formula1,0,Who’s the GOAT of neck girth in F1?
nw9ujun,"The whole ""Verstappen signs with Mercedes!"" panic was a fun 2 minutes.",formula1,0,Who’s the GOAT of neck girth in F1?
nw9ymua,I really enjoyed the article that said Russell is ready to challenge for the title. Really informative and thought provoking stuff that didn't sound like a college student when they don't know the answer to an essay question.,formula1,0,Who’s the GOAT of neck girth in F1?
nw9a6ee,"We are well and truly into the winter break... Agreed now who's your pick for best neck? If you don't have an opinion on that one, who is the second best looking F1 pilot over the last 8 years?",formula1,0,Who’s the GOAT of neck girth in F1?
nw9fwj3,"I think Oscar is the clear winner of ""Best Neck.""",formula1,0,Who’s the GOAT of neck girth in F1?
nw9u95c,Jesus fuck it's wider than his head. I bet you these guys are able to think quicker with all that blood going up into their thinker.,formula1,0,Who’s the GOAT of neck girth in F1?
nmkqumj,"Fernando didn’t say “I knew he would brake because he has a wife and kids at home”. I believe the actual quote reported was along the lines of “at times like that, I remember he has two kids.” And there’s no video of him saying either quote. Edit: here’s the actual quote that was reported in 2009 (no video and it wasn’t directly after the race, it was said to reporter Nigel Roebuck a few weeks later): ""At times like that, I always remember that Michael has two kids.""",formula1,0,"What's your ""Formula 1 Mandela Effect""?"
nmkwu76,"There is an ai fake of it that I sometimes see on the internet. Usually it shows a real interview of him, then cuts to the overtake with the ai voice overlaid",formula1,0,"What's your ""Formula 1 Mandela Effect""?"
nmlkmyp,"Worth noting that the quote long predates fake ""AI"" audio, and much like the Piquet living room quote, is probably the work of a journalist.",formula1,0,"What's your ""Formula 1 Mandela Effect""?"
nmkwrbn,No way. Zero chance. He defiantly said that. It’s obviously Mandela affect and I believe you. I just don’t want to,formula1,0,"What's your ""Formula 1 Mandela Effect""?"
nmkxaae,"Lmao fair enough, I was surprised by this one too. There’s an AI video with his voice floating around, but if you watch the original press conference from that race he never said it.",formula1,0,"What's your ""Formula 1 Mandela Effect""?"
nml5njx,There's a lot of quotes which will not have video because print interviews exist.,formula1,0,"What's your ""Formula 1 Mandela Effect""?"
nml665w,"Then link a reputable print interview, from 2005, with the “he has a wife and kids at home” quote please. Plenty of recent articles have used the quote as if it were real and from the post-race press conference, but that didn’t actually happen.",formula1,0,"What's your ""Formula 1 Mandela Effect""?"
nmmvs1z,"This is the closest I could find, if anybody finds older please post it lol https://www.bbc.co.uk/blogs/andrewbenson/2009/12/schumacher_fighting_the_sands.html",formula1,0,"What's your ""Formula 1 Mandela Effect""?"
nmklb80,There are a lot of people who think they’ve seen Senna’s on-board pole lap at Monaco ‘88. But he didn’t have a camera on his car that year. The on-board video is actually from 1990.,formula1,0,"What's your ""Formula 1 Mandela Effect""?"
nmkpr0z,"Yeah, that footage is often used on documentaries (including in the Senna film I think) when they talk about his mystical 1988 lap, simply because no footage is available, so it's kind of stuck.",formula1,0,"What's your ""Formula 1 Mandela Effect""?"
nmkv8b7,"Yes, back then, only some cars had on-board cameras, and usually it was the midfield or back marker teams. They were also introduced relatively late on, with Renault's 3rd car in the 1985 German GP being the first to use one for a live broadcast.",formula1,0,"What's your ""Formula 1 Mandela Effect""?"
nmmdwlh,And the car’s clutch went,formula1,0,"What's your ""Formula 1 Mandela Effect""?"
nmn9xlq,Just Renault things,formula1,0,"What's your ""Formula 1 Mandela Effect""?"
nmkz9id,This! I was convinced i had seen it as a 10 year old kid... adult me found out that kid me had lied to me :D,formula1,0,"What's your ""Formula 1 Mandela Effect""?"
nml0vwp,"Alonso’s comment about Michael Schumacher having kids when he overtook him on the outside of 130R. He did say it, but it was about 2 weeks after the race, and the meaning of it is I think often misunderstood/misrepresented. Firstly I think he was only being semi-serious when he said it. Secondly, I don’t think it was intended to be a demonstration of being some sort of ruthless, fearless, “ice in the veins” racer. It was more about how he could try a move like that because he could trust Schumacher not to do anything stupid.",formula1,0,"What's your ""Formula 1 Mandela Effect""?"
nmqv3xf,"I don’t think it was intended to be a demonstration of being some sort of ruthless, fearless, “ice in the veins” racer Yeah its weird that this meaning has stuck around forever when it is super out of character for Fernando lol. If you see any footage of him talking, aside from the times where he is pissed at the car, he's always at least half joking. He isn't a super serious dude trying to drop one liners like that. The real line is half joke, half a bit of reflection about how drivers used to change the way they drove as they got older and responsible for more lives when F1 was still quite dangerous. If anything, it was more of a memento mori moment than an ""I'm so fearless because racing is all I have"" moment.",formula1,0,"What's your ""Formula 1 Mandela Effect""?"
nmkgrmt,"Most of these comments don't seem to understand what the Mandela effect is. It doesn't mean ""things that other people believe that I don't agree with""",formula1,0,"What's your ""Formula 1 Mandela Effect""?"
nmkhdh4,"Nobody uses Mandela Effect properly. It's a phenomenon where a large group of people ""remember"" a particular event/thing that didn't actually happen. Instead people just say it anytime they themselves misremember something.",formula1,0,"What's your ""Formula 1 Mandela Effect""?"
nmltay8,Yes. It's not a 'simple' false memory. It's a false memory shared with many people.,formula1,0,"What's your ""Formula 1 Mandela Effect""?"
nmkpdn8,I swear it used to mean that.,formula1,0,"What's your ""Formula 1 Mandela Effect""?"
nmkgw4p,Suzuka being the final races for the Prost / Senna collisions.,formula1,0,"What's your ""Formula 1 Mandela Effect""?"
nmkides,"That's a cracking one actually. I'd have assumed the same, but of course, both were followed by the then-traditional season-finale at Adelaide. The 1990 one was also the 500th F1 race, with some further controversy at the start of the weekend as a photoshoot of surviving champions (including Fangio) saw Prost refuse to take part because Senna was taking part.",formula1,0,"What's your ""Formula 1 Mandela Effect""?"
nmkit39,IIRC the Schumacher Netflix doc did the same for the 2000 season - casually forgetting Malaysia was the last race,formula1,0,"What's your ""Formula 1 Mandela Effect""?"
nmkwcoz,"I remember that for the only time Malaysia hosted the finale and Hakkinen jumped the start from P2 I believe and the Ferraris wore those wigs on the podium but yes poor Malaysia, the last 4 races seasons had the championship go down to the last race and then it's a total anticlimax in 2000, if only Hakkinen won in Suzuka then it would have gone to Malaysia",formula1,0,"What's your ""Formula 1 Mandela Effect""?"
nmkq9c0,"Similarly, a lot of people seem to believe pole position used to be on the clean side before Suzuka 1990 and that it was changed to the dirty side to piss Senna off.",formula1,0,"What's your ""Formula 1 Mandela Effect""?"
nmkw56z,"Yeah, Senna asked Balestre to move it. He said no, which Senna (perhaps mistakenly, perhaps with a good point) believed was because Balestre had it in for him. I know people like to complain about MBS, but Balestre (right or wrong in that instance aside) really was a dictator of the sport.",formula1,0,"What's your ""Formula 1 Mandela Effect""?"
nml99qr,"I believe he asked the stewards, not Balestre, and the stewards said yes (or Senna believed they’d said yes, it’s a little unclear). Then Balestre reversed that decision. But yeah, whether he reversed it for organizational reasons, to piss Senna off or both, the guy was obsessed with his little FIA-given power and his anti-Senna campaign after the 1989 season was outrageous.",formula1,0,"What's your ""Formula 1 Mandela Effect""?"
nmmpmqa,Balestre 'The best decision is my decision',formula1,0,"What's your ""Formula 1 Mandela Effect""?"
nmlanji,"I don’t think most people here understand what ""Mandela effect"" actually is",formula1,0,"What's your ""Formula 1 Mandela Effect""?"
nmkiud6,"Grosjean saying ""I think Ericsson hit us""",formula1,0,"What's your ""Formula 1 Mandela Effect""?"
nmkkx6y,Yup. It was his engineer who said it,formula1,0,"What's your ""Formula 1 Mandela Effect""?"
nmlbq5m,"That would be Gary Gannon, currently the race engineer for Lance Stroll. I always remember him as the guy who sounds like he could be a kindergarten teacher 😅",formula1,0,"What's your ""Formula 1 Mandela Effect""?"
nmkohva,In AD21 Alex Albon wasn't yelling over the radio - that was GP.,formula1,0,"What's your ""Formula 1 Mandela Effect""?"
nml0v30,"Which never made sense in the first place.. why would Alex come over the radio at all, let alone before GP or Christian?",formula1,0,"What's your ""Formula 1 Mandela Effect""?"
nmksa85,"Yes! I still see people convinced it was Alex, even though it makes no sense logically. Here’s GP confirming it was him , for anyone who’s still doubtful.",formula1,0,"What's your ""Formula 1 Mandela Effect""?"
nml80oz,I feel like that’s a misconception rather than a Mandela Effect,formula1,0,"What's your ""Formula 1 Mandela Effect""?"
nml3bak,"That’s not a Mandela effect, that’s just because GP really sounds like Albon when screaming down the radio lol",formula1,0,"What's your ""Formula 1 Mandela Effect""?"
nmkko9x,"""Leave me alone, I know what I'm doing"" Could have sworn I heard him say that, till someone showed me a video with the actual radio message.",formula1,0,"What's your ""Formula 1 Mandela Effect""?"
nmkpoe8,He says that here do you have a link to something different? https://youtu.be/F3d_Cu5Mzbk?si=HgLWOineH0ECWVYU,formula1,0,"What's your ""Formula 1 Mandela Effect""?"
nmkrpe8,"“Just leave me alone, I know what to do”",formula1,0,"What's your ""Formula 1 Mandela Effect""?"
ngi0e86,VER interview after the race https://www.youtube.com/live/u72GLe4t0IE?t=28652s,formula1,0,Race Thread: NÜRBURGRING Race 9 | Max Verstappen in Ferrari GT3! Nürburgring Endurance Series 2025
ngrchek,I had no idea Max spoke German!,formula1,0,Race Thread: NÜRBURGRING Race 9 | Max Verstappen in Ferrari GT3! Nürburgring Endurance Series 2025
ngi2rhs,Couldn't understand a word of it,formula1,0,Race Thread: NÜRBURGRING Race 9 | Max Verstappen in Ferrari GT3! Nürburgring Endurance Series 2025
nghzku5,I don't follow this race series so I'm a little confused by the reactions here. There were only 3 or 4 other cars in his class? Is that normal for these races? Are there other races where theres more cars racing? Can someone explain? That few cars he's racing against makes this seem a lot less impressive ( though still very cool) than many posters are making it seem.,formula1,0,Race Thread: NÜRBURGRING Race 9 | Max Verstappen in Ferrari GT3! Nürburgring Endurance Series 2025
ngi3sy6,"Endurance racing is a little strange in that regard with so many series and relatively small calendars for each one, a lot of drivers race in multiple series and often have to choose which to show up to. The top drivers are in Fuji for the WEC race, so that takes priority, and a lot of others only use NLS as warm up + practice for the Nurburgring 24 hours. Max did really well, but without the likes of Falken, Manthey, ROWE and the other top GT3 teams competing it's hard to say how well he'd do in a 24 hour race. All we can say is that his laps were rapid and consistent, and his traffic management was very clean. He's definitely got a shot at the 24 next year.",formula1,0,Race Thread: NÜRBURGRING Race 9 | Max Verstappen in Ferrari GT3! Nürburgring Endurance Series 2025
ngi9ehb,Thank you for the context.,formula1,0,Race Thread: NÜRBURGRING Race 9 | Max Verstappen in Ferrari GT3! Nürburgring Endurance Series 2025
ngif41f,"No problem - and I forgot to answer your first question, sorry! The SP9 field was very small compared to normal with only 9 others to compete with, and with a mixed up grid from the rain the only real competition was the pole sitting Aston which picked up aero damage at turn 1. The Mustangs were able to keep close to Max's pace but their weak starting positions made it much harder for them to catch up. The 2025 Nurburgring 24 hour race, for context, had 27 cars in SP9 with 134 total entries. Far more competitive and much more traffic to fight through.",formula1,0,Race Thread: NÜRBURGRING Race 9 | Max Verstappen in Ferrari GT3! Nürburgring Endurance Series 2025
ngi02ox,A lot of the regulars are racing in WEC in Japan. However the Mustang he beat was driven by Frank Stippler a 3 time Nurburgring 24 winner so one of the best out there. Also beat Krognes who holds the NLS lap record. Not a big field but impressive however you look at it.,formula1,0,Race Thread: NÜRBURGRING Race 9 | Max Verstappen in Ferrari GT3! Nürburgring Endurance Series 2025
ngi3x3s,Krognes got very unlucky and someone crashed into him in lap 1 which damaged his rear left side and he probably lost a bit of performance on the car.,formula1,0,Race Thread: NÜRBURGRING Race 9 | Max Verstappen in Ferrari GT3! Nürburgring Endurance Series 2025
nghy2aj,Max being the first F1 driver to win in a Ferrari this year is diabolical,formula1,0,Race Thread: NÜRBURGRING Race 9 | Max Verstappen in Ferrari GT3! Nürburgring Endurance Series 2025
ngjf8ys,Kubica won Le Mans 24h,formula1,0,Race Thread: NÜRBURGRING Race 9 | Max Verstappen in Ferrari GT3! Nürburgring Endurance Series 2025
ngit0l3,current F1 driver*,formula1,0,Race Thread: NÜRBURGRING Race 9 | Max Verstappen in Ferrari GT3! Nürburgring Endurance Series 2025
ngi0bgf,"Let’s not change the narrative. Congratulations to Max, very good drive. But Lewis was the first to win this year. If the sprint race does not count, then equivalently, the GT3 does not count as it is not an F1 race.",formula1,0,Race Thread: NÜRBURGRING Race 9 | Max Verstappen in Ferrari GT3! Nürburgring Endurance Series 2025
ngre2bg,insert well actually meme,formula1,0,Race Thread: NÜRBURGRING Race 9 | Max Verstappen in Ferrari GT3! Nürburgring Endurance Series 2025
ngi2wr7,"First Ferrari podium, though.",formula1,0,Race Thread: NÜRBURGRING Race 9 | Max Verstappen in Ferrari GT3! Nürburgring Endurance Series 2025
ngijfwy,We already have the podium in the form of le mans,formula1,0,Race Thread: NÜRBURGRING Race 9 | Max Verstappen in Ferrari GT3! Nürburgring Endurance Series 2025
ngi12u1,"And today, on comments that should've never been posted:",formula1,0,Race Thread: NÜRBURGRING Race 9 | Max Verstappen in Ferrari GT3! Nürburgring Endurance Series 2025
nghwdvc,"Dont forget that this is not all about Max, he has a teammate who he shares his car with too. Great victory tho",formula1,0,Race Thread: NÜRBURGRING Race 9 | Max Verstappen in Ferrari GT3! Nürburgring Endurance Series 2025
ngi7li6,Yup Chris Lulham did great as well,formula1,0,Race Thread: NÜRBURGRING Race 9 | Max Verstappen in Ferrari GT3! Nürburgring Endurance Series 2025
nghthoq,You know what that is?,formula1,0,Race Thread: NÜRBURGRING Race 9 | Max Verstappen in Ferrari GT3! Nürburgring Endurance Series 2025
nghjhd7,Grazie ragazzi forza ferrari!,formula1,0,Race Thread: NÜRBURGRING Race 9 | Max Verstappen in Ferrari GT3! Nürburgring Endurance Series 2025
nghjb26,Here are the podium celebrations!,formula1,0,Race Thread: NÜRBURGRING Race 9 | Max Verstappen in Ferrari GT3! Nürburgring Endurance Series 2025
nghkwnl,Just a few bottles..,formula1,0,Race Thread: NÜRBURGRING Race 9 | Max Verstappen in Ferrari GT3! Nürburgring Endurance Series 2025
nghil78,"So am I right in saying there was only 5 other competitors in the same class? The way everyone's going on I thought this was a full on endurance race, basically a friendly weekend😂😂",formula1,0,Race Thread: NÜRBURGRING Race 9 | Max Verstappen in Ferrari GT3! Nürburgring Endurance Series 2025
nghtaeg,"It's not even a good try. Either you could say he raced against 3 other teams, as there were just 4 teams in the Pro-class. Or you could add in all the SP9's, which makes it more than 5... Not even sure it counts as a low effort post when the very basic of the bait is wrong.",formula1,0,Race Thread: NÜRBURGRING Race 9 | Max Verstappen in Ferrari GT3! Nürburgring Endurance Series 2025
nghtg0j,"Even better, I didn't know he only had 3 competitors😂😂 This subs brilliant",formula1,0,Race Thread: NÜRBURGRING Race 9 | Max Verstappen in Ferrari GT3! Nürburgring Endurance Series 2025
nghmbin,"I mean this is not uncommon in Endurance, Hypercar in WEC had 5 entries in 2021",formula1,0,Race Thread: NÜRBURGRING Race 9 | Max Verstappen in Ferrari GT3! Nürburgring Endurance Series 2025
nghlso3,Then you were stupid. Also this is a preparation for N24H,formula1,0,Race Thread: NÜRBURGRING Race 9 | Max Verstappen in Ferrari GT3! Nürburgring Endurance Series 2025
nghlxgl,So.... I'm still right? Thanks,formula1,0,Race Thread: NÜRBURGRING Race 9 | Max Verstappen in Ferrari GT3! Nürburgring Endurance Series 2025
nghm63v,Learn to read👍🏻,formula1,0,Race Thread: NÜRBURGRING Race 9 | Max Verstappen in Ferrari GT3! Nürburgring Endurance Series 2025
nghmat6,nah go on. tell me in what way were you right,formula1,0,Race Thread: NÜRBURGRING Race 9 | Max Verstappen in Ferrari GT3! Nürburgring Endurance Series 2025
nghmfw0,"I did, not my problem you struggle to interpret simple English😂",formula1,0,Race Thread: NÜRBURGRING Race 9 | Max Verstappen in Ferrari GT3! Nürburgring Endurance Series 2025
nghsrvv,Says the person struggling to answer a simple question,formula1,0,Race Thread: NÜRBURGRING Race 9 | Max Verstappen in Ferrari GT3! Nürburgring Endurance Series 2025
nghn1cc,So you can't. Got it.,formula1,0,Race Thread: NÜRBURGRING Race 9 | Max Verstappen in Ferrari GT3! Nürburgring Endurance Series 2025
ojme6ni,Thank you for your service,formula1,0,2026 Miami GP — Race Day Weather Forecast
ojmz07q,"Went to Ultra last month and it was the first time in a decade I think where lightning didn’t mess things up. This is not just about rain and if you’re not dealing with lightning on the regular, you need to understand it’s not only dangerous for the medical helicopter, but for people in open spaces and on metal grandstands.",formula1,0,2026 Miami GP — Race Day Weather Forecast
ojn5nkh,"The support network around races is absolute... if they have issues, so does the race. Its only a thing that seems to be American based but you can see why Can remember 09 Malaysia and the storm they have over the track at the same time as the race... its a thing thats easier to spot in the vicinity now.",formula1,0,2026 Miami GP — Race Day Weather Forecast
ojnt4sa,"A NASCAR fan was killed by a lightning strike back in 2012 at Pocono, and a dozen more were injured. He was walking back to his car when he was struck. While a jury didn't find the track liable, people still accused them of waiting too long before asking spectators to leave. I'm pretty sure that instance directly lead to these precautions.",formula1,0,2026 Miami GP — Race Day Weather Forecast
ojnkoeh,Good that they took action so a race could take place. In years gone by they would have done nothing and let Spa 21 happen.,formula1,0,2026 Miami GP — Race Day Weather Forecast
ojnnfxj,"Well that was probably one they were always going to lose as the weather just sat over the top of the track, they only can get racing if there is this window that allows for something. I do wonder if we'll see another track get hit by rain that covers the entire weekend?",formula1,0,2026 Miami GP — Race Day Weather Forecast
ojn8ecv,"Damn, so we're not gonna get to see a Megaslabber hit the circuit then?",formula1,0,2026 Miami GP — Race Day Weather Forecast
ojnwwgh,Please be Raining 🌧️ but no Lightning 🌩️,formula1,0,2026 Miami GP — Race Day Weather Forecast
ojnm9zl,"Great service and valuable info! I just saw the updated lightning strike emergency plan, looks like they've covered every base so hoping for a good and safe race",formula1,0,2026 Miami GP — Race Day Weather Forecast
ojnsdz1,Does this also mean F2 could be a wet race? I cannot wait to watch it,formula1,0,2026 Miami GP — Race Day Weather Forecast
ojnxbl6,thank great Scott! Sometimes the FIA is sensible! ( i feel this will age poorly),formula1,0,2026 Miami GP — Race Day Weather Forecast
ojo1sub,"currently dumping 5 miles north of the circuit. lightning and more water than most would feel comfortable driving a car in, let alone race an f1 in",formula1,0,2026 Miami GP — Race Day Weather Forecast
ojopcrv,"""A cold front is moving south across the state of Florida"" - 26° to 28° - being scottish id melt in that!!",formula1,0,2026 Miami GP — Race Day Weather Forecast
ojn0hls,They’ve got wet tyres. Why move the race? :/ rain actually makes the racing more interesting.,formula1,0,2026 Miami GP — Race Day Weather Forecast
ojn54yd,Because full wet tyres don’t stop people from being struck by lightning,formula1,0,2026 Miami GP — Race Day Weather Forecast
ojn3csz,"I think the bigger concern is the lightning. I’m not an American so correct me if I’m wrong, but I heard that Florida got a law that says if a lightning hit somewhere, that place must be evacuated and wait for clearance for like 30mins, which I imagine to be very hard to operate for a grandprix with so many people. And honestly a bunch of people outdoor, in a metal stand, in a thunderstorm is quite the recipe for disaster.",formula1,0,2026 Miami GP — Race Day Weather Forecast
ojn5ccl,"Ah, I did not know this. Why not move the race like they did for Suzuka? Miami has had a thunderstorm warning every year since inauguration.",formula1,0,2026 Miami GP — Race Day Weather Forecast
ojn5wvy,"Logistics of moving 11 teams and the FIA and hundreds of press to anothet city/ country/ continent at a week's notice because the weather forecast isn't good. Cost of refunding tickets. Do you need more reasons, or will they do?",formula1,0,2026 Miami GP — Race Day Weather Forecast
ojnbd5t,"No, they mean move it to a different time of year for future seasons, since this is a frequent issue due to when the race is scheduled, much like typhoons were for Suzuka",formula1,0,2026 Miami GP — Race Day Weather Forecast
ojnd6o5,This is the fifth running of the race. Weren't the other four all dry?,formula1,0,2026 Miami GP — Race Day Weather Forecast
ojnoo90,Last year’s Sprint was wet,formula1,0,2026 Miami GP — Race Day Weather Forecast
ojnoxxp,"So one out of nine races, if you bring the sprints into it?",formula1,0,2026 Miami GP — Race Day Weather Forecast
ojnpjs1,"2/8, there were no sprints in 22 and 23, and obviously this years race has been affected by the rain. 2/5 weekends",formula1,0,2026 Miami GP — Race Day Weather Forecast
ojnqayd,So hardly a compelling case for rescheduling it....,formula1,0,2026 Miami GP — Race Day Weather Forecast
ojnhb6h,"and you can't move its travel pair much earlier or else Montreal will be at risk of snow, but I was mostly stating it to clarify since the person I replied to seemed to misunderstand what the person above meant",formula1,0,2026 Miami GP — Race Day Weather Forecast
ojnnj4q,"It's either Thunderstorms, Heat or Hurricanes...",formula1,0,2026 Miami GP — Race Day Weather Forecast
ojov0u7,"There isn't really a good spot to move it to. It's an NFL stadium, and NFL pre-season starts in August. So can't move it after that. And the further you move it towards Summer, heat will become a bigger and bigger concern.",formula1,0,2026 Miami GP — Race Day Weather Forecast
ojn2mhw,"mainly heavy rain and lots of standing water most likely, plus lightning. US sports and lightning do not go together whatsoever.",formula1,0,2026 Miami GP — Race Day Weather Forecast
ojmizjf,"The lengths people go to to defend this regulation is insane. We were all in agreement that this regulation is horrible, and they give us one limp dicked change and suddenly we're drafting weather reports to justify these cars not being able to splash a little bit? Whaf a joke.",formula1,0,2026 Miami GP — Race Day Weather Forecast
ojmngqk,Afaik it's because it's the law in Florida that people have to shelter if there are thunderstorms in the area,formula1,0,2026 Miami GP — Race Day Weather Forecast
ojmrog6,"also most US sports follow some procedure where when there is lightning, there is a shelter order for every 20-40 minutes (depending on the sport, venue, etc.) from the last visible lightning strike to where it is considered ""safe"". ofc it's easier to get humans on the field in various sports than it is for cars to get on the track, so it's interesting to think about.",formula1,0,2026 Miami GP — Race Day Weather Forecast
ojmn4f9,What are you on about?,formula1,0,2026 Miami GP — Race Day Weather Forecast
ojmyypl,"You're talking about ""we"", who do you mean by that? You and your multiple personas?",formula1,0,2026 Miami GP — Race Day Weather Forecast
ojmr5c5,OP was making these posts last year as well (a couple of examples ). This has nothing to do with the new regulations.,formula1,0,2026 Miami GP — Race Day Weather Forecast
ojmvi4e,Quick question what happens when thunder hits a metal grandstand on which thousands of people are sitting on?,formula1,0,2026 Miami GP — Race Day Weather Forecast
ojn31z2,Quite literally cooked 😂 lightning strike related burns are no joke,formula1,0,2026 Miami GP — Race Day Weather Forecast
ojnbi76,"Correct, moves on to the afterlife, which is why these regulations exist in America because that happened at a race in another series",formula1,0,2026 Miami GP — Race Day Weather Forecast
oiyxu8s,"Keep in mind that it’s Florida, that forecast is not reliable even a day in advance.",formula1,0,2026 Miami GP Early Weather Preview
oiyyi66,"The specifics definitely aren't reliable, and if they were simply ""pop-up"" thunderstorms or showers like we've had in past years (and are common in Miami summers) I'd definitely agree, but for a system like this with a cold front passing through the predictability does increase a bit. I think some rain at some point on Sunday is very likely at this point; whether or not it is during the race, or heavy enough to cause disruptions, or consistent vs. scattered, etc. are all to be determined.",formula1,0,2026 Miami GP Early Weather Preview
oiz0na3,"NWS doesn’t even try to predict storms this many days out in the SPC. Yes, it’ll probably rain, but forecasting anything like storms is not even worthwhile this far out.",formula1,0,2026 Miami GP Early Weather Preview
oiz4uoh,"The SPC day 5 outlook is very much a thing, it even goes out to day 8 . They just don’t highlight anything for Florida because these storms aren’t going to be severe, but not all thunderstorms are severe thunderstorms. For what it’s worth, the WPC has Miami in a marginal risk for excessive rainfall , and yes, the NWS forecast for the track explicitly calls for showers and possible thunderstorms on Sunday . Imo it is okay to predict that thunderstorms in general are possible this far out as long as you clarify what that does and does not mean in terms of specifics, which the NWS generally does a good job of and I have tried to follow.",formula1,0,2026 Miami GP Early Weather Preview
oize5au,"OP is right. While Florida is generally active with scattered storms every afternoon this time of year, a cold front pushing in means widespread storms and cloud cover will be likely",formula1,0,2026 Miami GP Early Weather Preview
oj098lt,"If there are thunderstorms or even the slightest chance that the medical helicopter is not able to operate, the race will insta be delayed and/or cancelled",formula1,0,2026 Miami GP Early Weather Preview
oj0dfqo,"Everyone went through this panic last year, and it didn't get delayed or cancelled. Forecasts change by the day. I think everyone is panicking for no reason.",formula1,0,2026 Miami GP Early Weather Preview
oj3z707,"That’s just not true, the SPC regularly goes 4 and 5 days out, occasionally longer.",formula1,0,2026 Miami GP Early Weather Preview
oiyyedb,"Yep, I spent a week in Miami a couple of years ago and it said thunderstorms every day. There was only one, and it was over before it even really got going.",formula1,0,2026 Miami GP Early Weather Preview
oj089ct,"This is the actual reality of weather in the Southern US. LOL I don't live in Florida, but live in the Southern US. We've been under thunderstorm and tornado threats all this week and it has rained a couple of times and we've had some rumbles of thunder. Total miss. LOL.",formula1,0,2026 Miami GP Early Weather Preview
oj22zxq,A day? I was there a couple of weeks ago and the forecast couldn't even predict what was going to happen in the next hour with more than 50% accuracy.,formula1,0,2026 Miami GP Early Weather Preview
oizfgmv,"Unfortunately the opposite is true, Florida and the surrounding gulf region has some of the most accurate in-advance forecasts in the country.",formula1,0,2026 Miami GP Early Weather Preview
oiz10bw,Its very reliable for these spring storms.,formula1,0,2026 Miami GP Early Weather Preview
oiyz74h,Don’t give me hope like this.,formula1,0,2026 Miami GP Early Weather Preview
oiz0q5e,"Rain is good, but thunderstorms are bad. Race won't happen if there's lightning",formula1,0,2026 Miami GP Early Weather Preview
oj3tvkn,That would be funny. 2 months without any race.,formula1,0,2026 Miami GP Early Weather Preview
oj3y1c9,Even Big G in the sky reject this season of F1,formula1,0,2026 Miami GP Early Weather Preview
oj6c4t7,"For one, it's the law in Florida for spectator sports if there is lightning within a certain distance of an event. Spectator stands and such tend to be tall & metal which is no bueno. Even if it wasn't the law, I doubt F1 would want to deal with a stand full of fans getting fried. The other reason is that F1 typically won't race if the medical helicopter can't fly, and helicopters cannot fly when there is lightning",formula1,0,2026 Miami GP Early Weather Preview
oj6cray,Thank you very much for the very detailed explanation.,formula1,0,2026 Miami GP Early Weather Preview
ojchtf0,Don’t need the helicopter if you can transport by ground under a certain amount of time,formula1,0,2026 Miami GP Early Weather Preview
oj03prf,Storms is an instant red flag. They just can't run if there's a storm within a certain distance of the track.,formula1,0,2026 Miami GP Early Weather Preview
oj0dln5,"Only if there's lightning. If it's just rain (like last year), it doesn't matter.",formula1,0,2026 Miami GP Early Weather Preview
oj193va,They're pretty good at predicting when fronts will move across Florida. The unpredictable Florida weather is the summer hot wind hitting the cool ocean breeze. That's not what's happening here. It's a front. Comes down all the way from the Carolinas. Very predictable. I live in south Florida.,formula1,0,2026 Miami GP Early Weather Preview
oj1m0yb,So it’s not going to change is what you’re saying.,formula1,0,2026 Miami GP Early Weather Preview
oiz0agh,"Florida can change every hour, thunderstorms can and do roll in all the time. There could be a storm at 1pm and be clear and sunny again by 3pm.",formula1,0,2026 Miami GP Early Weather Preview
oiz1db1,These type of storms in florida are very predictable this time of year. Likely at least delays for lighting and given the likely intensity don't expect racing while its actually raining.,formula1,0,2026 Miami GP Early Weather Preview
oiz2yjk,"Hopefully not too much lightning, I live for wet races, man",formula1,0,2026 Miami GP Early Weather Preview
oiz57zs,"Wet race (or drying track at least) Sprint weekend All other sessions are hot and dry Lower downforce, twitchy cars A bunch of untested reg changes Could be in for a truly chaotic weekend, fingers crossed",formula1,0,2026 Miami GP Early Weather Preview
oizumpl,"Ah man, even without rain, the race will probably go crazy anyways, but I'm still hoping.",formula1,0,2026 Miami GP Early Weather Preview
oj38iar,I think a good predicition is they might move the start time to earlier in the day to try and get as much time to do the race as they can.,formula1,0,2026 Miami GP Early Weather Preview
oizn10g,Can they move up the race start?,formula1,0,2026 Miami GP Early Weather Preview
oj0e54a,"They'd have to cut into the support races, Porsche Carrera or F2. Florida weather is incredibly fickle though, and trying to guess which hour it may strike and where is a fool's game.",formula1,0,2026 Miami GP Early Weather Preview
oj2svv9,They're pretty good at predicting when fronts will move across Florida. The unpredictable Florida weather is the summer hot wind hitting the cool ocean breeze. That's not what's happening here. It's a front. Comes down all the way from the Carolinas. Very predictable. I live in south Florida.,formula1,0,2026 Miami GP Early Weather Preview
oj45djh,"I went to the GP last year, and they didn't time anything right about the forecasts.",formula1,0,2026 Miami GP Early Weather Preview
oj3j100,Quite certain they'd sacrifice any support sessions to get the GP going. Otherwise we have a 56-day break between Race 3 and 4,formula1,0,2026 Miami GP Early Weather Preview
oj45a6t,"My point is more that it would be silly to cancel a support race, move the GP up, then have the rain hit during the new time. It's very hard to time things according to Florida weather. Last year the commentators were talking about how it wasn't raining at their box while in my grandstand I was wearing a poncho and being pissed down on.",formula1,0,2026 Miami GP Early Weather Preview
oizcu1z,So we should except bright blue skies all weekend. Got it,formula1,0,2026 Miami GP Early Weather Preview
oizfkw4,"For those not familiar with the weather in Florida, it could be sunny in the morning, thunder storming at lunch, and sunny in the afternoon. The forecast is always changing so who knows what the weather will be come race day.",formula1,0,2026 Miami GP Early Weather Preview
oj06tbt,I said this earlier..... it's still 5 days out. Too early to actually have a good read on what's going to happen. LOL.,formula1,0,2026 Miami GP Early Weather Preview
ofz8enj,It needs to be stated. This blue flag rule is ONLY for GT World Challenge series. They have implemented these blue flag rules. Other GT series do NOT have this.,formula1,0,A try to clear up the confusion about GT and Paul Ricard race and how the penalties are applied.
ofzczv7,Okay this confused me a bit more because there is nothing about blue flag in the post.,formula1,0,A try to clear up the confusion about GT and Paul Ricard race and how the penalties are applied.
ofzdxin,"They got more more penalties because of blue flags, but I thought that were clear - you fail to give faster driver the racing line for more than 2 track zones, you get 30 seconds penalty. Stroll got 2 for this (and he was 4 laps down at that time).",formula1,0,A try to clear up the confusion about GT and Paul Ricard race and how the penalties are applied.
og3m36l,"It was an automated system so I don't think it matters - if you weren't 0.7 seconds ahead after two sectors, you were getting a penalty regardless.",formula1,0,A try to clear up the confusion about GT and Paul Ricard race and how the penalties are applied.
og8c04c,"The thing is that you have to speed up before the detection zone. If you're in that 0.7, you need to move out and let the other driver past, even if you're faster than him and you only got in that 0.7 due to traffic. Blue flags in such races is abomination imho.",formula1,0,A try to clear up the confusion about GT and Paul Ricard race and how the penalties are applied.
ofz8ogv,"Yeah, sorry for missing that out. Wasn't too concentrated writing the title. Will edit the post to include that information",formula1,0,A try to clear up the confusion about GT and Paul Ricard race and how the penalties are applied.
ofzc0q7,People have an opinion and they will bend Reality to make it fit their Agenda.,formula1,0,A try to clear up the confusion about GT and Paul Ricard race and how the penalties are applied.
ofzosxr,"Well, the good part of all of this is that Lance had a blast and couldn't give less of a fuck what losers on the internet think. Can't wait to see him take another crack at GT3s and show what he can do. Seeing F1 drivers having a blast in other motorsports is great for the industry as a whole.",formula1,0,A try to clear up the confusion about GT and Paul Ricard race and how the penalties are applied.
og48uy5,"Likely not going to happen for now. Verstappen's planned visits to Nurburgring were well thought through, Stroll just hopped in because there was a time slot available. Doubt he wants to join another race unprepared. I'm sure all three of the car 18 drivers would like to give it a proper go next time they drive.",formula1,0,A try to clear up the confusion about GT and Paul Ricard race and how the penalties are applied.
ofzmero,"It's amazing how quickly ""Lance Stroll assessed 465s of penalties"" spread across the Internet Way too many people believe the lie",formula1,0,A try to clear up the confusion about GT and Paul Ricard race and how the penalties are applied.
ofzd7mt,"The issue though is that there are comments like ""did he made his own circuit to get those 115 seconds"", while in fact he drove the cleanest race for his team. I don't mind people having opinion and shiting over bad drivers, but come on, at least read the event rules and know how stuff work.",formula1,0,A try to clear up the confusion about GT and Paul Ricard race and how the penalties are applied.
ofzhkuk,"So at the time he got to drive (the last 2 hours), he was fastest from all the other 59 drivers currently on the track Stroll was quick but he wasn't the fastest driver in the last two hours. For anyone that's interested, the B Pillar report breaks down the performances of all the drivers throughout the race and also breaks it down by hour. As you can see, on average laptime he was the third fastest driver during the last hour. But in both hour 5 and 6 other drivers set faster lap times than he did. Still impressive pace though.",formula1,0,A try to clear up the confusion about GT and Paul Ricard race and how the penalties are applied.
ofzi9yr,"It was answer to the question how he set the ""fastest"" lap, not his average pace.",formula1,0,A try to clear up the confusion about GT and Paul Ricard race and how the penalties are applied.
ofzuo05,"I'll explain it a bit more because I'm not saying the tweet from Vincent Bruins was incorrect. He tweeted that during the race and was likely looking at the live timing and scoring which shows the last time set by all the drivers next to the fastest lap from the whole race. Ignoring the fastest lap column, the lap time column only tells you how fast everyone is going at that specific point in the race. So the lap when Lance set the 1:55.796 very likely was the fastest lap set from anyone on that same lap, but that's only 1 lap, it doesn't mean it was faster than everyone else for all the other laps before and after that moment while Lance was in the car.",formula1,0,A try to clear up the confusion about GT and Paul Ricard race and how the penalties are applied.
ofzvukt,Thank you. Guess I've got a bit confused about this also. Cheers. Added link to your comments in main topic in case those comments get buried also.,formula1,0,A try to clear up the confusion about GT and Paul Ricard race and how the penalties are applied.
ofzixdc,But he didn't set the fastest lap during his stint. Other drivers set faster times during hour 5 and 6. For example Nicki Thiim set a 1:54.737 in the last hour of the race.,formula1,0,A try to clear up the confusion about GT and Paul Ricard race and how the penalties are applied.
ofz8zey,ppl just like to hate on stroll. also F1 fans are the most rtrded motorsport fans most of the time so there is no wonder that there are so many stupid posts online,formula1,0,A try to clear up the confusion about GT and Paul Ricard race and how the penalties are applied.
og09knc,I'm not a huge fan of Stroll I think he has long out stayed his welcome in f1 and that his seat could go to any number of other drivers. In a merit based system he would have driven a couple of back markers and maybe a mid field car had 2-3 seasons in f1 and been weeded out looking for the next Max. He is/was good enough for a couple of seasons of f1 but he wasn't good enough for a permanent seat. I think there are other drivers currently on the grid in a similar position but due to cost caps teams are prioritising experience a little higher than they did in the past. That said the current grid is stacked. There are just 4 drivers on the grid currently who don't have a podium. Sir lancelot himself has more than one. All the haters forget how bad pay drivers used to be.,formula1,0,A try to clear up the confusion about GT and Paul Ricard race and how the penalties are applied.
og0ar01,"Lance has multiple podiums. P3 at the 2017 Azerbaijan GP, P3 at the 2020 Italian GP, and P3 at the 2020 Sakhir GP.",formula1,0,A try to clear up the confusion about GT and Paul Ricard race and how the penalties are applied.
og0axq2,"Sorry yes my wording on that was really bad, I meant he was one of the 18 not one of the 4. Hopefully the edit makes more sense.",formula1,0,A try to clear up the confusion about GT and Paul Ricard race and how the penalties are applied.
og1v8v6,"Paul Ricard, being a painted circuit (like a huge parking lot), is especially prone to track limit violations. Drivers need to take extra care to know exactly where the track ends and the runoff begins. That said, these two Spanish drivers were among the most penalized during the race.",formula1,0,A try to clear up the confusion about GT and Paul Ricard race and how the penalties are applied.
og02z80,"This goes to show that Stroll is not a bad driver, granted the top 8 drivers were probably trying to manage fuel and tyres, but Stroll had a good performance all things considered. He's a decent driver, he's just not F1 material",formula1,0,A try to clear up the confusion about GT and Paul Ricard race and how the penalties are applied.
og10qtd,"I hadn't posted this topic to defend his F1 career or his spot in it. Wanted to clear some of the confusion about all the penalties that the CAR (team) got, because many people dropped their bombs after seeing the event results, without knowing what really happened. Also it's worth saying that this is after couple of weeks of testing. He might very well be top 3 driver in GT/WEC series if he decides to run on it. But the overall point wasn't to flatter him, but to clear confusion so the shittalking get mitigated.",formula1,0,A try to clear up the confusion about GT and Paul Ricard race and how the penalties are applied.
ofzm2xg,Stop defending Lance with facts. (😜),formula1,0,A try to clear up the confusion about GT and Paul Ricard race and how the penalties are applied.
ognumo7,What does this post have to do with f1???,formula1,0,A try to clear up the confusion about GT and Paul Ricard race and how the penalties are applied.
ofziy39,What does this have to do with F1?,formula1,0,A try to clear up the confusion about GT and Paul Ricard race and how the penalties are applied.
ofznwck,...because Lance Stroll is an F1 driver?,formula1,0,A try to clear up the confusion about GT and Paul Ricard race and how the penalties are applied.
ofzvdc8,"We are allowed slight off-topic, that's why off-topic flair exist, no? But also he's F1 driver.",formula1,0,A try to clear up the confusion about GT and Paul Ricard race and how the penalties are applied.
nttttj5,Kimi has a few years to get youngest world champion,formula1,0,What records could we see broken this coming season? [2026 edition]
ntvdgfo,"Kimi WDC is a long shot this season even if Merc get it spot on, as George obviously still has a bit of pace and experience on him. But maybe 2027 or 28 could be a possibility if he keeps on improving",formula1,0,What records could we see broken this coming season? [2026 edition]
nttvjfv,"Yep, and Max is still well within getting ""youngest quintuple championship winner"" having just missed out on double, triple, and quadruple (all held by Vettel) as Max is still 28 and Schumacher got his fifth title aged 33.",formula1,0,What records could we see broken this coming season? [2026 edition]
ntukoju,and i think he has a good shot this year if Mercedes nail the power units. he’s improving very quickly.,formula1,0,What records could we see broken this coming season? [2026 edition]
ntzu70i,Russell probably still going to be better and more consistent for a few years even if Antonelli improves a lot.,formula1,0,What records could we see broken this coming season? [2026 edition]
nttksbv,"Kimi was 6,777 days old on March 16, 2025; Arvid will be 6,787 days old on March 8, 2026",formula1,0,What records could we see broken this coming season? [2026 edition]
nttl56s,Thanks for doing the maths on that!,formula1,0,What records could we see broken this coming season? [2026 edition]
nttwfex,Most DNF's in the first race of the season.,formula1,0,What records could we see broken this coming season? [2026 edition]
ntuoj6j,"Something like 19 in Monaco 1996 I think, kinda hard to beat that one",formula1,0,What records could we see broken this coming season? [2026 edition]
ntv43to,"I believe it's 21, so not impossible but highly unlikely.",formula1,0,What records could we see broken this coming season? [2026 edition]
ntwtphb,And the first Cadillac win.,formula1,0,What records could we see broken this coming season? [2026 edition]
ntyextz,"That's never getting beaten ever again, modern F1 is just too sensible and professional. It would take something freak like the entire field crashing into a blocked track at Monaco at the start or something (like we seen in F2 this year).",formula1,0,What records could we see broken this coming season? [2026 edition]
nttkbz3,Any negative record including Ferrari is on the brink of being broken. As it's the case every year.,formula1,0,What records could we see broken this coming season? [2026 edition]
ntv6s35,"Cool stats, always impressed to see someone going through scenarios like this. Does Sainz still count for the consecutive race entries since he was out for his appendix in 2024? I know he did a session or two but always thought qualifying/starting the race was what counted for the race entry",formula1,0,What records could we see broken this coming season? [2026 edition]
ntv8iai,"I assume in Sainz's case, it counts because he was entered, just didn't race. Entries and starts are different, hence some weird discontinuity between the two.",formula1,0,What records could we see broken this coming season? [2026 edition]
nttr34w,Highest top speed,formula1,0,What records could we see broken this coming season? [2026 edition]
nttuq7p,378 km/h(~235mph) by Bottas in 2016 European (Azerbaijan) GP,formula1,0,What records could we see broken this coming season? [2026 edition]
ntwbeud,"I'd be surprised if this gets beaten, since the way the electrical deployment works will most likely prevent it.",formula1,0,What records could we see broken this coming season? [2026 edition]
ntwrnxj,Have you not read about these regs? Lol,formula1,0,What records could we see broken this coming season? [2026 edition]
ntuocnb,"Just had to check this, and yes, Williams currently hold ""longest gap between wins of any current team that has previously won"". Alpine - last won in 2021. Four seasons since last win. Aston Martin - never won, but if you count Racing Point as the same team, last won in 2020. Five seasons since last win. Ferrari - last won in 2024. One season since last win. McLaren - last won in 2025. No seasons since last win. Mercedes - last won in 2025. No seasons since last win. Racing Bulls - never won as RB but if you count Toro Rosso then Alpha Tarui as the same team, last won in 2020. Five seasons since last win. Red Bull - last won in 2025. No seasons since last win. Williams - last won in 2012. 13 seasons since last win. Audi, Cadillac, and HAAS have never won. Though if you count Audi as the same team as Sauber, they have had 17 seasons without a win, last winning as BMW Sauber in 2008. EDIT - to add too. If Aston Martin win at any point, they'll take the record for ""longest time between first entry and first win."" Their first entry in F1 was the 1959 Dutch Grand Prix. They competed in two dreadful seasons before pulling out at the end of 1960. If they win in 2026 it will be 67 years between their first entry and first win.",formula1,0,What records could we see broken this coming season? [2026 edition]
nttlsj0,The number of times one driver is in another driver’s MOM,formula1,0,What records could we see broken this coming season? [2026 edition]
ntu4svw,Most races for Ferrari without a podium.,formula1,0,What records could we see broken this coming season? [2026 edition]
ntu5cxc,I think Norris is still up for the most poles at different tracks. I don't think he has had pole at the same track twice yet,formula1,0,What records could we see broken this coming season? [2026 edition]
ntujd5p,"He's been on pole at Interlagos the last two years. Otherwise yeah, 16 poles across 15 circuits.",formula1,0,What records could we see broken this coming season? [2026 edition]
ntwqtb3,Viewer loss due to people not buying another streaming service.,formula1,0,What records could we see broken this coming season? [2026 edition]
ntyuenx,Someo of us haven't paid to watch F1 in years. Wink wink. I don't feel guilty. The sport isn't short of cash.,formula1,0,What records could we see broken this coming season? [2026 edition]
nttimx8,"Most engine failures, least overtakes, slowest cars ever, most boring ever.",formula1,0,What records could we see broken this coming season? [2026 edition]
nttix73,The early 00s hold most of those records by some distance!,formula1,0,What records could we see broken this coming season? [2026 edition]
ntto7pf,Tell me you haven't watched F1 before 2021 without saying it out loud.,formula1,0,What records could we see broken this coming season? [2026 edition]
nttr622,We will see. My prediction: we will go back to previous gen engines after 2026 season as they will be complete failure.,formula1,0,What records could we see broken this coming season? [2026 edition]
ntts8m3,That is besides the point. You saying that 2026 will break the record for most failed engines is ludicrous. In the V10 era engines were designed to last ~3 races. Before that it was even worse. In the 70s and earlier it was an achievement just to finish a race.,formula1,0,What records could we see broken this coming season? [2026 edition]
nttvreh,Didn’t BMW at some point in the 80s build an engine that was good for a couple of qualifying laps?,formula1,0,What records could we see broken this coming season? [2026 edition]
nttxjzr,"BMW probably weren't the only one, but theirs was the most absurd with it needing to be stripped after every qualifying session lest the toxic fuel concoction that the engine ran on rots the block from within lol 80s were a wild time for F1 with the teams and engine makers attempting to bend the rules at every opportunity",formula1,0,What records could we see broken this coming season? [2026 edition]
ntucubw,"The M12, turbocharged 1,5l inline 4 with a crank output of ~1500 hp",formula1,0,What records could we see broken this coming season? [2026 edition]
ntu9ccn,Yes. Also in the 90s McLaren-Mercedes made an engine that was radioactive and had to be stored in a special shielded room. I think.,formula1,0,What records could we see broken this coming season? [2026 edition]
ntuckx1,"True, but the probability of that record breaking is still greater than zero. It's also smaller than the second smallest number after zero, but, quoting Lloyd Christmas; ""So you're telling me there's a change"".",formula1,0,What records could we see broken this coming season? [2026 edition]
nu0g0hm,Honestly if you randomly pick a year for the Brazilian GP there's at least a 50/50 chance it will be good,formula1,0,Best Races from 1981 to Now
nu0w0i5,"Silverstone too, place pretty much always delivers. I'd put Austria on that list too honestly, and maybe Zandvoort.",formula1,0,Best Races from 1981 to Now
nu1ahec,Zandvoort? Only in the rain otherwise it is one of the most boring tracks.,formula1,0,Best Races from 1981 to Now
nu1p9ha,"It is a ton of fun to drive, but I agree it doesn't tend to put out great races.",formula1,0,Best Races from 1981 to Now
nu0g61t,It seems like Brazil and Belgium pop up a lot in the lists I've seen. Not surprising as they tend to be fun tracks to watch or even drive through in racing games.,formula1,0,Best Races from 1981 to Now
nu0o3d9,"Belgium has a higher tendency to not deliver, though.",formula1,0,Best Races from 1981 to Now
nu0q9qd,"Agree, especially in the modern day whereas the last 5 Brazilian gps have been great",formula1,0,Best Races from 1981 to Now
nu11r4q,"Yeah Belgium is dull more often than not. For a usually good race I'd say Austria (as the Red Bull Ring, can't comment on the A1 ring or earlier...)",formula1,0,Best Races from 1981 to Now
nu4imwm,"A1-Ring is the old name for the Red Bull Ring, same track.",formula1,0,Best Races from 1981 to Now
nu0iugq,"true, i never get tired of lapping belgium",formula1,0,Best Races from 1981 to Now
nu0zis5,It really makes me wish we could end the season w Interlagos Even if WDC is decided by then the season is nearly guaranteed to end w a good race,formula1,0,Best Races from 1981 to Now
nu0fq4m,Monaco 1996 for a wet Monaco classic.,formula1,0,Best Races from 1981 to Now
nu0ldwc,This race got me hooked on F1.,formula1,0,Best Races from 1981 to Now
nu0ogdu,I was a massive Damon Hill fan and I still haven't got over that,formula1,0,Best Races from 1981 to Now
nu1np69,"Hungary 97, Monaco 96, Adelaide 94, the trifecta.",formula1,0,Best Races from 1981 to Now
nu2fzq6,Also Silverstone and Hockenheim 1993,formula1,0,Best Races from 1981 to Now
nu4iqcy,And Hockenheim 1995,formula1,0,Best Races from 1981 to Now
nu4ohan,"Brazil 1995 too. I know he got demolished that season really, but if it hadn't been for bad luck with reliability he'd have started the year with three straight wins and a P2.",formula1,0,Best Races from 1981 to Now
nu4qn5v,"Yeah, and would have got more points at Silverstone and Monza (though so would Schumacher so maybe a bigger gap at the end of the season). I can't remember Silverstone but I think Monza was his fault, he just punted Schumacher from behind. Might be misremembering though.",formula1,0,Best Races from 1981 to Now
nu3k7kv,Then how do you feel about Hungary 1997?,formula1,0,Best Races from 1981 to Now
nu4is53,"That was truly awful, especially considering the part that broke cost about 50p. Spa 98 kind of made up for it as he was gifted it with the Schulthard crash and then a seemingly quicker Ralf being ordered not to pass him.",formula1,0,Best Races from 1981 to Now
nu1lr7y,I was there. It was crazy trying to work out what was happening.,formula1,0,Best Races from 1981 to Now
nu0g82w,2005 Japanese GP,formula1,0,Best Races from 1981 to Now
nu0hwla,Truly amazing race!,formula1,0,Best Races from 1981 to Now
nu0xmlo,"In my opinion, it’s the greatest race of all time. Canada 2011, Brazil 2012, Britain 2008, and Nurburgring 1999 are close behind.",formula1,0,Best Races from 1981 to Now
nu1l2ae,Honestly I say most German GPs in the hybrid era were good. I liked the Eiffel GP in 2020 as well but 2019 was another level of excitement.,formula1,0,Best Races from 1981 to Now
nu12jm9,That's Germany 2018.,formula1,0,Best Races from 1981 to Now
nu1teao,Believe it or not it’s the last race I missed because I was on a plane at the time. Of course it ended up being one of the best of all time.,formula1,0,Best Races from 1981 to Now
nu0hz2t,Here are 4 for each decade: Canada 1981. Austria 1982. Monaco 1984. Australia 1986. Monaco 1992. Monaco 1996. Britain 1998. Europe 1999. Japan 2005. Hungary 2006. Europe 2007. Brazil 2008. Canada 2011. Brazil 2012. Brazil 2016. Germany 2019. Turkey 2020. Russia 2021. Britain 2022. Brazil 2024.,formula1,0,Best Races from 1981 to Now
nu0semc,"Also french 1999, that race was pure chaos",formula1,0,Best Races from 1981 to Now
nu0ob9e,A crime not to mention the first three races of 2022,formula1,0,Best Races from 1981 to Now
nu1ej29,You missed Spain 1986. 👍,formula1,0,Best Races from 1981 to Now
nu0gjwa,Belgian GP 1998,formula1,0,Best Races from 1981 to Now
nu0q1rf,Most expensive race ever,formula1,0,Best Races from 1981 to Now
nu1mchq,"Absolute carnage. Was a big Jordan fan back in the day, so I loved it.",formula1,0,Best Races from 1981 to Now
nu0hyya,Turkey 2020 is right up there for me Whole weekend was complete chaos due to the new track surface,formula1,0,Best Races from 1981 to Now
n5zfvnu,"2017 Mercedes being on here but not 2020 Mercedes is surprising. Shows how good Bottas was in 2017, and also how poor he was in 2020.",formula1,0,Most Dominant Constructors and Drivers Seasons (1980-2024)
n5zgyg0,"Mercedes 2020 was 77.15 percent, just edged out by 2017. But yeah Bottas finished outside of the podium positions 6/17 races that year.",formula1,0,Most Dominant Constructors and Drivers Seasons (1980-2024)
n6151ha,Should be a fireable offense driving that car.,formula1,0,Most Dominant Constructors and Drivers Seasons (1980-2024)
n61sajj,"To be fair of the top of my head a lot of those were out of his control. Punctures in Britain and Bahrain, the pitstop tyre screw up in the second Bahrain race, engine blow at Nurburgring.",formula1,0,Most Dominant Constructors and Drivers Seasons (1980-2024)
n60qml8,"They had some clumsy races in 2020, and the season was quite short so a bad race is more impactfull Monza, Bahrain outer were complete trainwrecks, plus Max being insane a couple more time meant they werent really that dominant in a short season",formula1,0,Most Dominant Constructors and Drivers Seasons (1980-2024)
n5zkf99,"No, the difference was the rise of Max Verstappen the greatest driver to ever live.",formula1,0,Most Dominant Constructors and Drivers Seasons (1980-2024)
n5z7q2a,McLaren 2025 is going to be top 3 in this when the season ends.,formula1,0,Most Dominant Constructors and Drivers Seasons (1980-2024)
n5z63lm,13 races and 3 sprints. so max available points is 43*13 + 3*15 = 604. So they have (516/604)*100 = 85.4% of total available points which puts them at no. 2 (included sprints for this cause I couldn't be bothered to look up the results and take it away to standardise it with the graph),formula1,0,Most Dominant Constructors and Drivers Seasons (1980-2024)
n5zaev5,"37 in sprints, so 479/559 = 85.6%",formula1,0,Most Dominant Constructors and Drivers Seasons (1980-2024)
n5zk4eg,Whatever magic they are doing with their tire deg likely will be able to carry over to next year too unless the FIA bans it. The other teams are screwed until they figure out how to copy it. A tire offset is the biggest advantage you can have in F1.,formula1,0,Most Dominant Constructors and Drivers Seasons (1980-2024)
n60834s,Prost being there in 1988 without winning the championship is statistic crazyness.,formula1,0,Most Dominant Constructors and Drivers Seasons (1980-2024)
n60k2ms,"""Points were awarded to the top six classified finishers. For the Drivers' Championship, the best eleven results were counted"" Turns out under the modern points system Prost not only would've won but had a great season as well. I might look into how this point system would've changed some WDC results in the past And vice versa how the old points systems would've affected some of our close championship years like 2021, 2007,2008,2010 etc",formula1,0,Most Dominant Constructors and Drivers Seasons (1980-2024)
n60kg0s,Prost would have got something like 7 or 8 wdc depending depending of the regulations. That's how close he was each year.,formula1,0,Most Dominant Constructors and Drivers Seasons (1980-2024)
n60r8cn,"I just had a look and Prost would've won: 1983,1984,1985,1986,1988,1989,1993",formula1,0,Most Dominant Constructors and Drivers Seasons (1980-2024)
n61kv0b,"I always respected the professor, now even more",formula1,0,Most Dominant Constructors and Drivers Seasons (1980-2024)
n63kvat,"""Prost dominance would be boring"" - Senna",formula1,0,Most Dominant Constructors and Drivers Seasons (1980-2024)
n5zr9u5,"Some data got chopped off for the Driver's percentages, I don't know how but here's the corrected version: https://imgur.com/a/fUTtxBg",formula1,0,Most Dominant Constructors and Drivers Seasons (1980-2024)
n5zo3tn,Where is seb 2013?,formula1,0,Most Dominant Constructors and Drivers Seasons (1980-2024)
n5zrfn1,https://imgur.com/a/fUTtxBg Seb is 3rd. Some data got chopped off (just for the drivers) somehow and I didn't realise until you asked this question so thank you for that.,formula1,0,Most Dominant Constructors and Drivers Seasons (1980-2024)
n6094vy,Wait RB 2023 got only 83% ?,formula1,0,Most Dominant Constructors and Drivers Seasons (1980-2024)
n5z6ldj,And that was with Mercedes detuning that rocket ship of theirs. Absolutely criminal how they were allowed so much of a head start on engine development. It was so boring that's the only period I quit watching F1. Though I have gone back and watched a few since.,formula1,0,Most Dominant Constructors and Drivers Seasons (1980-2024)
n5z8cke,"They weren’t allowed a head start in engine development, they never did anything the other teams couldn’t do at the same time.",formula1,0,Most Dominant Constructors and Drivers Seasons (1980-2024)
n5z8zzq,The regs were based on a design they came up with. They absolutely did.,formula1,0,Most Dominant Constructors and Drivers Seasons (1980-2024)
n5zd6zq,"No, the regs were ultimately based on Renault’s demands not Mercedes’.",formula1,0,Most Dominant Constructors and Drivers Seasons (1980-2024)
n603rdn,"What kind of nonsense are you talking about? The original design that they ratified was indeed Renault's plan, an I4 design. But they thrashed that plan in favour of the V6 Turbo that Mercedes had been working on for years - Toto Wolff even admitted a few years later that Mercedes would have quit F1 without this Formula being introduced, while de Montezemolo and Ecclestone have both talked of their regret to succumbing to Mercedes pressure and allowing this new engine design to be forced through rather than vetoing it,",formula1,0,Most Dominant Constructors and Drivers Seasons (1980-2024)
n5zgh2f,Wanna pass the Kool-Aid? I'm thirsty too.,formula1,0,Most Dominant Constructors and Drivers Seasons (1980-2024)
n5zi3ol,"By all means, show us all how Mercedes knew before anyone else what the regs were going to be? Mercedes dominated because they had in house KERS development rather than outsourced and their team thought of things the others didn’t like the split turbo. Can’t fault Mercedes for just developing better lol.",formula1,0,Most Dominant Constructors and Drivers Seasons (1980-2024)
n5zaijj,"How did they not? And not only that, the whole token system on top of that helped them.",formula1,0,Most Dominant Constructors and Drivers Seasons (1980-2024)
n5zdd71,How could they have if the FIA ultimately chose Renault’s design demands in the end?,formula1,0,Most Dominant Constructors and Drivers Seasons (1980-2024)
n5zdhw3,Keep believing conspiracy theories lol. Remind us all how Mercedes got a head start on engine regs demanded by Renault?,formula1,0,Most Dominant Constructors and Drivers Seasons (1980-2024)
n5zf9ct,"So someone just says something with zero evidence to back it up and it’s true? Yea that’s not how that works buddy lol. Renault is the one who demanded the regs that ultimately were approved, Mercedes just developed better ultimately.",formula1,0,Most Dominant Constructors and Drivers Seasons (1980-2024)
n5zfnzo,When you have some empirical data to support your claim you’ll have an argument to make 🤷🏻‍♂️,formula1,0,Most Dominant Constructors and Drivers Seasons (1980-2024)
n5zg1qf,"The 2023 season will never be topped. The 2015 season might be the dullest of the 3 season for when Nico and Lewis fought, but at least they fought.",formula1,0,Most Dominant Constructors and Drivers Seasons (1980-2024)
