text,label,notes,source_sub
"Erm 2021, Hamilton was robbed so badly masi should have been jailed for that scandalous bs",hot_take,,formula1
"You forgot what happened on lap 1, and the fact it was a clean championship before abu dhabi, where both drivers got a favourable, yet dodgy call. Cant be corrupt if both drivers got calls for and against them. Im talking 1 sided benefits throughout the whole season",hot_take,,formula1
Those two incidents are not remotely comparable.,hot_take,,formula1
"But lewis wouldnt be in a position to be wronged if the call was correct. Also, how can you claim corruption if Max was wronged too? If there was corruption, then surely they would tell Hamilton to give the position back?",hot_take,,formula1
Is it just me or is F1 Unchained really just a fraud? 90% of what he says is legitimately fluff. He makes all these long videos about upgrades for each GP and I have no idea how his surface level understanding of everything stretches the videos to 10-15 mins long.,hot_take,,formula1
"Once you get stuck into the world of the technical side of F1, you quickly realise that there is pretty much no journalist that can actually explain how any upgrades work or offer any insight into what the teams are trying to achieve by bringing them. This isn't new, it's always been this way. Back when Autosport/Motorsport used to do big articles about updates the teams brought, the whole article would basically just boil down to each new part either adding downforce or doing ""flow conditioning"".",hot_take,,formula1
"He seems like a very real, down to earth person every time he speaks. Very regular everyday normal guy (Lajoie reference 😄) . Some people are rubbed the wrong way by the competitor in him, but the person Max seems quite cool and chill to hang out with.",hot_take,,formula1
"Max is a good guy who like to stick to facts without BS, drama and arrogance.",hot_take,,formula1
"Apart from that time a few months ago where he demanded a journalist leave a press conference because he said something Verstappen didn't like. At the time a lot of people on Reddit backed the journalist, but its back to acting like its Saint Verstappen again",hot_take,,formula1
"That’s just the hive mind of social media that is only capable of thinking in extremes. He does something bad, he’s the worst person ever, he does something nice, he’s a saint from heaven above. In reality he’s just a person who clearly exists somewhere in the middle of that spectrum, just like most of the rest of us. By all accounts from a range of pundits and personalities both within and outside of the f1 paddock, he’s a genuinely nice guy.",hot_take,,formula1
"Everyone who knows him in person seems to say the same things. Funny how fans who've never met him would tell you that he's evil personified. Goes for all drivers too. Very few people know the reality, we only see the racing side.",hot_take,,formula1
"Does the aero automatically switch modes in these zones or is it enabled and drivers may/must toggle the modes? From sporting regulations B7.1.2 a) The driver may only activate, fully or partially, the Driver Adjustable Bodywork when they have been notified via the Control Electronics (Article C8.2) that it is enabled. So it's fully under driver control. Are there sensors that set which mode is allowed or is it based on regulation and a driver could theoretically switch modes where not allowed and incur a penalty? There are only 2 modea defined, Straight line mode and cornering mode in the standard ECU and software that provides the signal. Why not allow it everywhere, is it a safety issue or something else? Hust like with DRS in the past, where it was allowed everywhere around the circuit during FP sessions, this led to drivers trying to maximize the DRS effect, regularly losing control and spinning out or at worst flipping the car. Imagine taking a high angle corner with no downforce - your car will either spin out based on minimum input or just not turn in. That's why one mode is called straight line mode (allowing maximum top speed with reduced drag) and cornering mode (to be able to carry most speed through a corner).",analysis,,formula1
"The layout of the buttons and paddles is usually standardised, although Williams made a totally custom wheel for Kubica, and Hamilton always used a different clutch padel setup at Mercedes compared to Bottas, so customisation is possible. What the buttons actually do can also be configured for driver preference, and you often see this when comparing images of teammates steering wheels. It's not uncommon to have two different button layouts depending on driver preference.",analysis,,formula1
We'll see it once we get to Spielberg and also Hungaroring. The rumours currently seem to range from 5hp to 10hp and the rumours are coming from the same outlet - no one else has confirmed that Ferrari will get their ADUO homologation for Austria.,analysis,,formula1
"I think the FIA have been adjusting the amount of battery recharge per track due to the backlash they were getting. As a result they seem to be making it enough battery to assist you now, but not enough to force an overtake regardless of which cars it is or where on the circuit it is.",analysis,,formula1
"Don't think so, but that advantage wass bound to disappear since the new starting procedure. They only way to get it back if the FIA revert to the old starting procedure.",analysis,,formula1
"I think the problem with Nicos retirement was there was no signal. Normally there's something for the commentary team to catch, a radio message telling the driver there is a problem, white or yellow flags being brought out for a slow/stopped car the world feed switching to the retiring car. None of that happened in nicos case he just rolled into the pits, it probably just looked like a pitstop to the commentary teams.",analysis,,formula1
I think the real thing is having the x stop vs the x + 1 stop strategy be quite even with each other. The reason this race was decent is because the 2 stop and the 3 stop were both viable strategy and we didn't know which way it would play out. Same with other races where the 1 stop and 2 stop were both viable. So to me it is less the number of pit stops being the real factor and that there are 2 or more viable race strategies that involve a different number of stops.,analysis,,formula1
"Agreed. If the deg at a track is low, then we need the hard tyre to be so slow that a race run on S and M is faster.",analysis,,formula1
I was indifferent to George before this year but seeing him getting treated like the middle child at Mercedes is kinda making me root for him lmao,reaction,,formula1
"Poor Russel, it's like no one in that team wants him to win.",reaction,,formula1
Please stop the jinxing jesus christ 😭,reaction,,formula1
Meanwhile on forums - I remember arguing with a guy in the early 2000s via back and forth MSpaint images about what kind of vortices the Ferrari bargeboard would generate lmao.,joke,,formula1
"""They don't want you to win."" - DJ Khaled",joke,,formula1
And now you've jinxed it,joke,,formula1
Sorry guys Alpine are appealing Lewis’s win so we gotta wait a few days to know for sure,joke,,formula1
Gasly of all time,joke,,formula1
"They don’t call him Pierre Goatsly for nothing. Or, in fact, at all",joke,,formula1
“Great Gasly” sounds much better,joke,,formula1
"What is this, F1 or Squid game 😛",joke,,formula1
Gasly's car is going to remember it has a Mercedes engine now.,joke,,formula1
Remember who you are!,joke,,formula1
"Alright box box to retire the car Pierre, we’ve got an engine failure.",joke,,formula1
Surely Hamilton will score every race this season!,joke,,formula1
Jesus Christ isn't the grid this year so I'm not sure they would be concerned with a jinx.,joke,,formula1
I've already come to terms with it - Either engine failure or someones gonna spear his sidepod into turn 2.,joke,,formula1
Gasly WDC we will be there,joke,,formula1
Wouldn't it be fun if Gasly wins WDC purely cause he finishes all races,joke,,formula1
Bottle flip❌ F1 car flip✅,joke,,formula1
Breaking news: Lando Norris statue stolen at Wax Museum!! Video footage shows suspect spotted tussling and grabbing statues hair nonstop,joke,,formula1
oh crikey me face has melted off,joke,,formula1
"https://youtu.be/qqXi8WmQ\_WM?is=7j2TVIMTG\_jScjD4 Wanted to link to just ”show the kids”. Didn’t realise it’s fucking 18 years ago, fuck me",joke,,formula1
''And the real abomination? He doesn't even care'',joke,,formula1
Max found a job that aligned with his ‘tism,joke,,formula1
This was actually donated by MBS after he got tesla robot version,joke,,formula1
Except that's not corruption. Corruption is knowingly using your position of power for personal or collective gain or to get favors and until now there hasn't been anything to indicate that Masi doings were acts of corruption.,,ambiguous: reasoned rebuttal (definition of corruption) w/ no hard evidence - analysis vs hot_take,formula1
"Ferrari being fast isn't the only factor, merc's battery issue plays a keyrole",,ambiguous: brief technical point (merc battery) - thin analysis vs hot_take,formula1
"Races that require 2-3 pit stops are inherently more exciting. Way more room for strategy masterclass or fuck ups, more emphasis on drivers’ ability to manage degradation, and more chance for the pit crew to make/break a race",,ambiguous: structured reasons but about subjective excitement - analysis vs hot_take,formula1
I was already optimistic after the Ferrari drivers comments on their battle in China about being able to follow each other. Really hoping Barcelona is a sign of things to come with teams playing with giving up track position to be racy.,,ambiguous: hopeful sentiment + some reasoning - reaction vs analysis,formula1
7 WDCs and 107 wins between them. Can hardly utter one's name without also mentioning the other.,,ambiguous: cites stats but admiring banter in a joke thread - analysis vs joke,formula1
"Especially if the upgrades don't improve the qualy perfomance and he ends up behind a pack with dirty air, that battery will end up asking for mercy.",,ambiguous: technical point wrapped in humor - analysis vs joke,formula1
"In this interview he also talked about how even when Liam first became a reserve driver around 2021, Max would seek him out to ask how he was doing and how F2 was going. Which matches with what Gabi and others have shared about Max being unique in caring about junior drivers and reaching out to offer advice and support, while most F1 drivers don’t acknowledge them or interact until they make it to F1. I love how kind and thoughtful Max is, and how he’s so passionate about supporting young drivers and reducing barriers to motorsport by creating a pathway through sim racing. I don’t want him to leave F1 anytime soon, but it will be interesting to see that work continue to expand over the years as well.",,ambiguous: anecdotal claim + gushing admiration - reaction vs hot_take,formula1
"Let's quote the entire thing, which is not an unreasonable take for any F1 driver (and people constantly use the truncated version to justify shitting on him): ""Obviously my goal is not to go out and make enemies of anybody... but at the same time I'm not here to make friends, I'm here to win... I'm fighting for my future in Formula 1 as well.""",analysis,,formula1
"Are we thinking then, the flip/flop wing concept is still allowed in 2027? If they're bringing it in just before July (consider they cut-off theirs upgrades early in July last year), must be pretty confident it's around still next year & must be pretty confident of the gains it'll bring.",analysis,,formula1
"Can't say much with certainty right now because there are already updated regulations for 2027 that were approved today, but there is always a small delay between WMSC approval and new regs being published. The F1 commission already agreed on ""minor aerodynamic and bodywork changes"", but we won't know where we are until these updated regs are public. However, I haven't seen any reports about restricting freedoms in the SLM system specifically.",analysis,,formula1
"Mercedes had a lot of sunk cost fallacy going on with the zeropods. They weren't necessarily conservative with it, just weren't willing to throw away all that development time on a concept they were convinced was always one upgrade away from working.",analysis,,formula1
"I believe the philosophy behind it was sound, making it work in practice though was much more complicated, with the zeropod you had more of the surface area of the floor exposed to the airstream, meaning you can potentially extract more downforce, the main problem was the drag (because of the more exposed rear tyres and suspension components) and sealing the floor (to prevent porpoising).",analysis,,formula1
"The issue wasn't necessarily sealing the floor itself (it was actually quite good at that, even too good) but more that Mercedes assumed they could control their rear ride heights a lot better than they actually could.",analysis,,formula1
"Yeah, TLDR was that the zeropod concept was the fastest CONCEPT but it had the smallest window. If it worked, it’d be the fastest by far. BUT, and the reason why no one else went with it, was because the operating window was so tiny. It only worked in a very very small window and when not in that window, it was, well, the Mercedes. The other top teams went for a lower ceiling but wider window so they could reliably and consistently get everything out of the car",analysis,,formula1
"Considered but crucially, ultimately dumped. That whole idea fell apart pretty brutally hard (not just the zeropods, admittedly) once the rubber met the road. Of course a Venturi car is going to be REALLY fast if you've got an absolute fuckload of floor surface and you run it extremely close to the track. The problem is rear ride height control and Mercedes could never figure that out. I don't think there was any figuring that out without straight up active suspension, though.",analysis,,formula1
People seem to forget mercs biggest problem wasn’t the zero pod or aero but the chassis and suspension causing issues that they couldn’t figure out because the simulations weren’t accurate.,analysis,,formula1
They actually talked about this during that season. They didn’t know their simulations weren’t working at the time so took everything back to basically zero to start fresh and eliminate all variables. After that they realized what their problem was.,analysis,,formula1
"It also took them till 2020 to move the side crash structure forward of the sidepod inlets and to place the sidepod inlets as high as possible, which Ferrari did in 2017 and most other teams copied in 2018.",analysis,,formula1
"Not sure that one thing is proof of them being conservative, especially when they've been known for taking plenty of risks that paid off elsewhere by going down a noticeably different path than their competition. Just a few examples: the W-duct in 2011 (not a massive success for them but it did have enough benefits that RB copied it at the end of that year before it got banned); their nose and front suspension in 2014; their version of FRIC in 2014 that was so advanced that their competition successfully lobbied for it to be banned just 9 races into the season; being the only team to make the low rake and long wheelbase concepts work from 2017 onwards (with Ferrari themselves moving towards the long wheelbase in 2018); the swept-back rear suspension in 2020 (which RB spent a development token on to copy in 2021); the ""canon shoulders"" on the B-spec W14 (which Red Bull adopted on their RB20 the following year). Not to mention that from 2019 to 2021, teams started copying some of their aerodynamic solutions regarding the nose, front wing and bargeboards. If there's one area where Merc has never really been conservative, it's car development, quite the opposite in fact",analysis,,formula1
"I think that was also partially a hang over from their dominant phase. There was a series of articles on the BBC by someone called secret F1 aerodynamicst, widely believed to be James Allison, who talked about how Mercedes always went against the grain in the old regulation set pre ground effect which obviously worked very well for them then. The primary example was Mercedes’ low rake philosophy and how the entire grid pursued the Newey lead high rake philosophy. I think Mercedes was just hellbent on sticking to that kind of philosophy in the ground effect era too hoping it would magically click",analysis,,formula1
"Let’s be honest, absolutely none of us or any of the fans have any idea about who these guys really are",hot_take,,formula1
The only real answer. I couldn’t give a toss what any of these drivers do*. They’re just entertainment to me. That’s all. They’re not my pals. *as long as they’re not a genuinely despicable human being.,hot_take,,formula1
"I’m not sure any of the modern driver rivalries are anything remotely serious in reality. …with the possible exception of Ocon and Gasly, but I imagine that’s probably a bit better now they aren’t contractually obligated to spend so much time together.",hot_take,,formula1
"I think sometimes people just don't actually want the honest truth. People refer to people as ""blunt"" as a pejorative because they want people to sugar coat things a bit, and Max doesn't ever do that.",hot_take,,formula1
"I think he’s always had friends in the paddock. Other than a few spats, he gets along great with the other teams, and every 2nd driver they’ve had has said he’s a great teammate. He’s just not the juggernaut he was, so people are starting to come around nevermind",hot_take,,formula1
"honestly no doubt. Cadillac has people with fresh perspectives, while Williams was in a catch up state for so long that they're pavlov'd to it. Even their monaco winglets were an overnight thing instead of an innovation planned months before.",hot_take,,formula1
"Lol people start insinuating he's ""just like Jos"" anytime there he has an on track incident 💀",reaction,,formula1
Seb with only 14 wins feels kinda weird,reaction,,formula1
"thought the same thing for Leclerc and his 8 wins, I expected more since he only drove for Ferrari",reaction,,formula1
"Me too buddy, me too 😔",reaction,,formula1
"It was surprising seeing Rubinho with more wins than Charles even though he was at Ferrari for ""only"" 5 years. Of course, those were the dominant Schumi years so the car was plenty good but still I hadn't realised Barrichello playing second fiddle to Schumacher had many more wins in red than Le Clerc...",reaction,,formula1
Honestly astons fall from grace needs to be studied.... Whatever tf happened to that team.,reaction,,formula1
Car was fuckin twerkin on the grid.,joke,,formula1
Please be Aston. Please have Aston try next.,joke,,formula1
Aston will fuck it up and make a rotisserie wing that doesn't stop.,joke,,formula1
Helicopter wing.,joke,,formula1
It’ll just be Lance flipping the car over.,joke,,formula1
I’ll believe they have a chance at winning a race when Toyota takes over.,joke,,formula1
Maybe they need a Schumacher driving for them too,joke,,formula1
"Oh wait, we already saw that one. His teammate can predict weather too",joke,,formula1
he about to be overtaken by antonelli in a single season,joke,,formula1
"once Caddy gets the LS swap, ruh roh",joke,,formula1
Nothing in the rule book about putting a big block in,joke,,formula1
Will they put their good old 8.7 liter 120hp engine in?,joke,,formula1
They'd still out pace Aston Martin,joke,,formula1
"Confirmed. Did a search in the rules and the phrase ""big block"" is not present.",joke,,formula1
just gotta saw off the extra 2 cylinders at the end and youre good,joke,,formula1
Inb4 the new upgrade package looks suspiciously like the new Corvette ZR1X,joke,,formula1
"That's right, they're swapping Logan Sargeant back in baby",joke,,formula1
Aston just needs to K24 swap,joke,,formula1
Watch Cadillac start outperforming Williams with their Soon™ based upgrade plan.,joke,,formula1
This would be peak tomfoolery omg.,joke,,formula1
as long as the brakes don't blow up every session,joke,,formula1
Or the wheel falling off,joke,,formula1
Less fires would be good.,joke,,formula1
♫ Unexplained fires are a matter for the courts ♪,joke,,formula1
The big upgrade package is new lug nuts.,joke,,formula1
"Can we talk about the fact the WCC team fumbled their pit stops in the last 3-4 races?! I mean, how have they still not corrected that problem",hot_take,,formula1
I keep saying this drama is covering for the fact that the pit stops are truly atrocious. It's almost guaranteed that somebody gets a 4+ second stop next race.,hot_take,,formula1
I feel like this is a cop out. If they really needed new guns they rush out a single case with guns overnight. They can solve this problem but they don’t feel like they need to.,hot_take,,formula1
I particularly enjoyed the insane commentary about how things might change after last weekend now that McLaren had solidified the WCC. My guys... they were 300pts ahead going into the weekend. The WCC HAS been solidified. Nothing will change.,hot_take,,formula1
Lmao. People say Piastri’s personality makes him the new Raikkonen but the frequent sarcasm and occasional saltiness really reminds me of Webbah,hot_take,,formula1
"And if everyone reads the article in its entirety, they would realize he actually complied with them and humbly took classes and such to compete. He hasn’t made a stink at all and has been first class about it imo",hot_take,,formula1
"And Max, as much as he's almost inhumanly talented, gets it. Nurburgring is a beast of its own, the process required to race there is in place for a good number of reasons. Being the racing nerd that he is - and a stand up, no fusses kind of person, he ought to follow through with it, even if the optics from the outside might make the whole thing look a bit silly (it isn't).",hot_take,,formula1
"Idk, I know close to nothing about racing and the processes around getting access to these races. But the only thing insane about this whole process to me is the amount of whining I see on forums like this. The whole process of having to build up a record to eventually get allowed to race in the fastest cars seems completely natural to me, and the only way to safely select the capable drivers. Yes of course it can look like a bit weird when this process is competed by an already competent and proven driver, but having the same rules for everybody only seems fair to me. Beside, it seems max is able to fast track it anyway with a combination of skill and resources.",hot_take,,formula1
The only reason he didn’t do the nord 24 is because he made a big stink about it and didn’t do the program because he think he’s god gift to racing even if he’s barely above average,hot_take,,formula1
Making him take the tests was completely reasonable. The track has its own set of rules that he needed to learn and they needed to know he understood. They need to keep other drivers safe too.,hot_take,,formula1
It's almost as if they cared about racing more than about the rules. People who only watch F1 might not be accustomed to that approach to motorsport.,hot_take,,formula1
That doesn't fit their verstappen hate agenda though,hot_take,,formula1
And c’mon it’s a no brainer really. Max is probably the best driver in the world and brings huge crowds and attention to the events. Glad they didn’t get wrapped up in a technicality.,hot_take,,formula1
"Not even a Max guy and this decision makes sense. He’s more than qualified, and met all but one minor requirement for something out of his control.",hot_take,,formula1
Its an F1 subreddit where many don't even fully understand F1.,hot_take,,formula1
"My understanding is that this was an allowable exception under the existing rules. I actually commend the circuit for sticking to their process and not just waving Max through and granting him the A permit because of who he is. I mean, he’s a very good driver, but it’s not like it was Franz Hermann who showed up to go racing.",hot_take,,formula1
Yeah how did they not go during Suzuka in April or earlier? The Honda - AM deal was signed in May 2023!,hot_take,,formula1
"If they only found out in November when Newey became TP, I guess that means Lawrence and Newey’s predecessors were sitting on their asses and Newey was the first to ask “So what’s Honda upto?”. How do you not have someone fly there every week or so? “Many of the original workforce had not returned” - That was not obvious in the many months before they signed Honda and November of fucking 2025?",hot_take,,formula1
"How did they not have three or four people LIVING THERE? Management by absense is what they were doing. They didn’t have a signed project plan? I have a friend who’s a PMP and would have taken the job as the onsite project manager in 2024. And cheap, by F1 standards",hot_take,,formula1
I was about the fly off the fucking rails,reaction,,formula1
Honestly I thought it be much easier for Mac actually. Since he is 4 time world champion. But um did not expect him to go through the same things as new or other drivers.,reaction,,formula1
"Honestly I feel a bit sorry for him about how big of a media circus this has become. From what the other drivers and team staff said, the first time he showed up to testing under a pseudonym and unannounced, he had the time of his life, just going racing. Sadly that lasted for a few hours until everbody knew.",reaction,,formula1
That is absolutely bananas that they didn’t go,reaction,,formula1
"This sounds like a story from F1 in the 80s, before there was internet. This is an insane fumble.",reaction,,formula1
And it'll most likely be the 2nd driver to pit within a couple of laps. The 1st driver to pit will get a stop somewhere between 1.9 and 2.4 seconds,analysis,,formula1
"They’re just kind of boned for the rest of the season apparently. They’ve said it’s a problem with the guns, but given the way f1 logistics work so far in advance it’s not clear they’ll be able to replace any of them before the seasons out. edit: to be clear I also think this is goofy, but that's the reason they're giving. Not sure if there's a weird cost cap/FIA rule that affects this, but that's what's being reported. The Race podcast, as u/Wingcapx noted.",analysis,,formula1
The only way they were losing the WCC was if they had double DNFs for the last 8 races AND Ferrari grabbed 1-2 in all remaining races. The former is more probable than the latter.,analysis,,formula1
"Something with such high stakes, I would have at least one engineer there nearly at all time on rotation. I can’t imagine f1 vehicle development is so compartmentalized where two teams can develop interfacing components remotely",analysis,,formula1
"I remember an interview with Patrick Head where he talked about getting their first engine from Honda This would have been in '83, as they were building their first Honda-powered car for '84 (which they actually ran in the final race of '83) He said that an engine just arrived in a box from Japan No data sheets, nothing, just an engine He needed heat rejection data so they could design and specify the cooling system for the hot turbo engine (up to this point the team had been running Cosworth DFV). Obviously there needed to be adequate cooling to keep the engine reliable, but not too much as that added weight (radiators too big etc) So he asked Honda and they just said ""work it out for yourself"" It was acceptable in the 80s, but not 40+ years later",analysis,,formula1
"With regards to the success with Williams, Honda had already joined F1 with the Spirit team back around 83, but due to some poor results, Honda got cold feet, and done a deal with Williams thereafter - it's one aspect that is very much forgotten. That isn't to take anything away from the work that Williams done, it was just that the initial groundwork was completed elsewhere.",analysis,,formula1
"how does every team that gets in bed with honda hit the exact same problems every time and everyone involved is like ""how could we have known?"" It's baffling to me, Honda have a very odd attitude to this projects and teams keep asking honda to hit these shorter development cycles than everyone else for no reason i can fathom. AM had merc engines, they could have signed a deal for another year kept the honda deal quiet and just changed a year later. But they should know who was going to be working for honda, the exact size of the workforce, how much they were going to invest all before signing a deal. they should have a permanent team who can speak japanese over there working with them and constant communication between the teams. Honda/japanese work culture issues and the way to mitigate them has somehow been a problem and then has to be fixed the exact same way each time yet each new deal faces the same issues over and over again. Even last time, honda themselves didn't exactly create a good engine, they had to replace the boss then they had to bring in ilmor to fix half their problems and make the engine not shite.",analysis,,formula1
"Franz Tost and Christian Horner don't get enough credit for making this work. Think about that Pierre Gasly finish at 4th in Bahrain the first year Honda was with Toro Rosso. Toro Rosso bascially said we will build around the engine. Which is the polar opposite of McLaren and now AM. Mclaren wanted the size zero concept, and now with AM Newey, who already started late, had had re-design the batteries and placement late in the cycle. He also wanted the design as compact as possible.",analysis,,formula1
"Did you account for repeated measures in your MANOVA? If you have qualifying position and race result both as dependent variables in the same model (which you don't specify, but you only list one MANOVA p-value) , you have to account for the fact that one may have an effect on the other, so you have to have a repeated measures correction using something like mixed effects models in lme4. That could affect significance.",analysis,,formula1
"I highly doubt he's doing a multivariate linear mixed effects model for this... Even if he is, the LMM would have to rely quite a bit on partial pooling which would shrink the estimates quite severely since the data is pretty limited. I'm not even going to get into the assumptions of this model including normality, constant variance (with a Frequentist framework even modelling sigma is hard and pretty much impossible with this amount of data, etc. It's a meme analysis but I always get concerned since a ton of poeple may not understand that.",analysis,,formula1
"I don't want to completely write off the level of success that Red Bull enjoyed during that period (particularly 2023), but let's also acknowledge that this isn't the most dominant track record in recent F1 history. Mercedes' dominance between 2014-2020 was greater, and over a longer period of time, across driver lineups, than Red Bull's - in no small part because they got more out of both drivers. Over those seven seasons their drivers finished 1-2 in the driver's championship four times. Their average gap to the second placed constructors team was 52%. In only one year (2018) did their second driver finish outside the top three. Similarly, McLaren this year finished 78% over the second placed team in the constructors (833 / 469). Their two drivers finished 1-3. Red Bull, for all their success riding Verstappen's skill, only won two constructors titles between 2021-2024. The two years they failed, their second driver finished P4 (2021) and P8 (2024). Their gap to the second placed team in 2022 was only 37% (759 / 554). So, to answer your question directly: Why are we out here questioning a strategy that netted 4 WDC and 2 WCC? Because another strategy has yielded greater success, over a longer time frame. Teams like Alpine would love to be Red Bull, but I'm not sure teams like Mercedes or McLaren would.",analysis,,formula1
“So until Newey turned up no one knew who they should be working with” strikes me as even more damning. Were they children waiting for daddy to come home?,hot_take,,formula1
Piastri is the king of “we’ll discuss it behind closed doors”. Smart and classy.,hot_take,,formula1
McLaren is very lucky both of their drivers typically do not air team grievances publicly. They’re both professionals,hot_take,,formula1
"Such a good point. A lot harder to throw how you really feel out into the open when every single fan is going to have a 'take' either way on what you said every time you make a movement online for the next week. Not airing the teams dirty laundry isn't really even just about being a team player anymore, it's just not worth it full stop.",hot_take,,formula1
"Absolutely, next year will be fun if he gets the championship this year, he'll have much more weight to thrown around. And you can bet Mark is aware of everything and knows how to play this to give him the best future in the sport.",hot_take,,formula1
"dunno mate, there should always be all kinds of personalities on track. Many love to back a chill driver but rarely see them win a championship , and those fans are eating with Oscar.",hot_take,,formula1
Oh he absolutely will. The entire f1 disagreeing with this switch too will definitely help his cause. Lando owes him at the end of the season for these measly 3 points.,hot_take,,formula1
"Every second driver at Red Bull has had these problems, intentionally crashes or not.",hot_take,,formula1
"I mean anyone with any sort of F1 knowledge knew Red Bull were saying this without saying it publicly. Its Colin Chapman levels of priority. Not that Max hasnt performed his end of the deal, but it shows still today.",hot_take,,formula1
Yeah the people are out here questioning the strategy have no perspective. Why are we out here questioning a strategy that netted 4 (nearly 5) WDCs and 2 WCCs?,hot_take,,formula1
"Mclaren were a hair away from not winning the wdc with a significantly better car than red bull. Doesnt sound like a good plan for red bull, who only care about the WDC (or have done under horner)",hot_take,,formula1
"He is always talking about Max on this dumb podcast. Unfortunately he is a disgraced driver and a loser, so his connection to Max is his main thing",hot_take,,formula1
God damn I love this bit,reaction,,formula1
I'm scared for off-season if we're down bad this much rn,reaction,,formula1
I like him more and more every race.,reaction,,formula1
"It’s the better thing to do, but not for us fans unfortunately. Give me a Max/Lewis/Nando meltdown on camera man. Ignite the fire. I’m sure it’ll be heated behind closed doors, I just want some of that heat escaping.",reaction,,formula1
Slow motion train wreck.,reaction,,formula1
Spill ALL the tea Checo! 👀🍿,reaction,,formula1
I feel as though Señor Perez is holding back in what he's spilling. Give us the dirty Sergio. ALL-OF-IT,reaction,,formula1
"As an Australian, my disappointment is immeasurable and my sleep schedule is ruined",reaction,,formula1
"Fuck, this was so in in nz, 8am start, watch the race then go to work, now I gotta wake up at 5am",reaction,,formula1
"Another Aussie, bitterly disappointed. Sleep in and just hear the end result.",reaction,,formula1
6am start to a 3am start booo 😂,reaction,,formula1
Meh. I was fine with a 9pm start,reaction,,formula1
"As a kiwi, 5am is better than an 8am work day race",reaction,,formula1
There’s a happy Floridian here who now won’t have to drive 6 hours home starting at 7pm.,reaction,,formula1
"Man, this is a good story.",reaction,,formula1
Everybody happy! What a great story,reaction,,formula1
I absolutely love the friendship between those two.,reaction,,formula1
I pray for the day for Albon to get a podium finish in a Williams. Simply because both he and the team deserves it.,reaction,,formula1
"This is why I hate when people say F1 has the best drivers in the world. Some of the best, for sure, but so much of making it to F1 besides financial backing is luck and timing.",hot_take,,formula1
"Toto has spent 13 years cultivating George only to potentially give him the boot in his prime... Hopefully Antonelli is paying attention. He's Toto's hot prospect right now, but Toto will never put personal loyalty over what he thinks is best for Mercedes. Which means if, in the future, Antonelli gets a better offer from Ferrari or Aston, he should absolutely take the money and run.",hot_take,,formula1
"I burst out laughing, well played",reaction,,formula1
This is awesome 😂,reaction,,formula1
I can't with y'all,reaction,,formula1
I had no idea Max spoke German!,reaction,,formula1
Max being the first F1 driver to win in a Ferrari this year is diabolical,reaction,,formula1
Grazie ragazzi forza ferrari!,reaction,,formula1
"Even better, I didn't know he only had 3 competitors😂😂 This subs brilliant",reaction,,formula1
"Damn, so we're not gonna get to see a Megaslabber hit the circuit then?",reaction,,formula1
Please be Raining 🌧️ but no Lightning 🌩️,reaction,,formula1
Does this also mean F2 could be a wet race? I cannot wait to watch it,reaction,,formula1
Don’t give me hope like this.,reaction,,formula1
"Hopefully not too much lightning, I live for wet races, man",reaction,,formula1
"Ah man, even without rain, the race will probably go crazy anyways, but I'm still hoping.",reaction,,formula1
"Wet race (or drying track at least) Sprint weekend All other sessions are hot and dry Lower downforce, twitchy cars A bunch of untested reg changes Could be in for a truly chaotic weekend, fingers crossed",reaction,,formula1
This race got me hooked on F1.,reaction,,formula1
I was a massive Damon Hill fan and I still haven't got over that,reaction,,formula1
I was there. It was crazy trying to work out what was happening.,reaction,,formula1
"Cool stats, always impressed to see someone going through scenarios like this. Does Sainz still count for the consecutive race entries since he was out for his appendix in 2024? I know he did a session or two but always thought qualifying/starting the race was what counted for the race entry",reaction,,formula1
So we should except bright blue skies all weekend. Got it,joke,,formula1
Stop defending Lance with facts. (😜),joke,,formula1
"It’s a thermodynamics problem primarily. Physical engine displacement, volumetric efficiency, allowable cylinder pressure, allowable fuel flow, number of turbochargers, whether or not they are “e-turbos”, whether or not there is charge air cooling (intercooler/aftercooler) and (if so) the efficiency thereof, etc, are all going to be important variables. Those will bound the combinations that can work and then, they’ll consider the performance/driving characteristics that will drive the turbine and compressor sizes towards the final solution.",analysis,,F1Technical
"Engine design and performance. To explain it in top level, Initially, the engine max torque and power limits would be set. For those, inlet air pressure (boost) would be decided. Now turbocharger is designed to meet the boost pressure. Also design may vary due to packaging. Car weight falls within the scope of engine, not turbocharger. since ambient air pressure changes at different altitudes, yes that is an important factor.",analysis,,F1Technical
"Honestly I am uncertain if this year turbocharger is that special. They taken out the MGU-H and the MGU-K is there to compensate turbolag. The engine is very lean burning so exhaust gasses aren’t that extremely hot. Wouldn’t be surprised if they bought it or have it custom made by Garett, Ihi, or one of the other big turbo manufacturers.",analysis,,F1Technical
"One of the more basic tunes is to run a lower drag & downforce setup with an adjusted rear wing. Faster in the straights but less rear grip through the corners, see if your driver can make it work. It was one of the main things RB was trying through the 2021 season, but much more dramatically illustrated by Lewis at Turkey in the 2006 GP2 race.",analysis,,F1Technical
"They almost certainly don’t tune a car to be difficult to drive. They tune it for minimum lap time using their driving skills, which will be a narrow operating envelope that others struggle to consistently stay inside. Similar to modern fighter jets that are inherently unstable in flight and need computers to prevent immediately crashing. But this instability makes them more responsive and able to turn faster.",analysis,,F1Technical
"I dont think they intent to make the car ""twitchy"". The computer / simulator just shows that this combination of setup-changes would in theory create the best laptime, however the car may now be harder to control. This is like the typical 9/10 times you can just go flat above the kerbs but on the 10th time you just have a minimal different line or speed and suddenly you just spin out of control...",analysis,,F1Technical
"Not 100% sure where these operating temperature regions came from - back when I was in F1 (3 years ago, used to be resposible for brake material choice and cooling options in weekend plus dyno running) we used CI discs and there different 4 material specs avaialable to us at the time, one that matches the above plot pretty well, but another that worked well as low as 180-200degC and I know this is what my team ran primarily 2023-2024. Beyond that I can't say but I'd be surprised if this wasn't still available as it had a very wide temperature range and good any glazing charicataristics",analysis,,F1Technical
"Not a brakes engineer, so I'll stay out of the CI-vs-Brembo temperature debate — but on the lock-up point, that's something you can actually check in the data rather than argue about. Lock-ups show up clearly in telemetry: sharp brake-pressure spike with a sudden drop in wheel speed against car speed. If someone pulled Leclerc's traces for that lap you could see exactly how many there were and how severe, which would help separate ""brake disc out of window"" from ""marbles/asphalt causing lock-ups."" The cause might be hard to prove, but the lock-ups themselves aren't a matter of opinion — they're in the data.",analysis,,F1Technical
"The graph is almost completely irrelevant, we have no idea how the different discs compare in terms of heat dissipation and thermal mass which is what will dictate (along with the cooling system) how quickly the brakes reach or fall out of operating temperature. Pads used are also going to change the equation. We don't have nearly enough data to make any meaningful analysis.",analysis,,F1Technical
"I think it's more likely that their Miami upgrade, which included ERS modifications, affected brake cooling in a more complex way. For a hypothetical example, it could be that the upgrades were designed to brake harder and later to take advantage of the higher temp threshold of CI. Leclerc on his brembos might've been braking too early to such a degree that it fell out of the window entirely. Not to mention the algorithmic ERS that reacts in real time to prioritize energy, that might've not been calibrated separately for 2 district setups.",analysis,,F1Technical
"This incident had nothing to do with the brakes. His left front tire was covered in asphalt marbles from driving over the broken up section on the outer left side of the corner, just like Stroll. Drivers barely even use the brakes into the final corner, they use them much more into the second to last corner after the swimming pool section. He avoided that part on all the safety car laps before, but as it was ending he fucked up and drove directly over it. It was 100% his fault.",analysis,,F1Technical
"Hamilton and Max did an extra pit stop, so they had fresher tyres for more of the race. Actually, Red Bull's deficit to everyone else in Barcelona was truly shocking. Max was basically at least 6 tenths slower per lap than Ferrari, Mercedes and McLaren.",analysis,,F1Technical
"The difference in Hamilton and Leclerc’s paces underscore the value of not being caught in the midfield traffic. Part of the break that Hamilton got was that Russell was concentrated on defensively racing antonelli rather than hunting down Hamilton after Ham’s second tire change. So it allowed Ham to straight drive rather than battle . Based on qualifying and prior experience, I’m sure Merc was under the impressions that Ferrari couldn’t keep up the pace and would eventually fall behind like they usually do. But the Ferrari upgrades worked this race. I can almost guarantee Merc won’t make that mistake next race. Hamilton ended up keeping the same pace as Russell in the beginning of race with Hamilton on used softs and Russell on mediums. In Barcelona! And i wondered if it meant they would eventually battle.",analysis,,F1Technical
"Haas is an outlier in the sheer volume of parts that they outsource to dallara. They have the smallest in-house factory setup by far. The rest of the teams are producing most of the cars themselves. Obviously you have the customer teams purchasing their engines, and sometimes their gearboxes and rear suspensions from a supplier team. But the outsourced parts from third parties are fairly small. The brakes are from one of a few brakes companies. A lot of the electronic components are made with technical partners. But the physical chasis of the car is mostly in-house.",analysis,,F1Technical
"The rule is works teams do the software, chassis, aerodynamics and engine in house. Customer teams don’t do the software or engine, but they do the chassis and aerodynamics. Haas is an exception as they prefer to buy non-custom parts to design their cars. Things like brakes, suspension and fluids are outsourced but usually custom. If a company has a parts sponsor, it’s outsourced and custom.",analysis,,F1Technical
"The ECU (the brain - Electronic Control Unit) is standardized, used by all teams, and is made by McLaren Applied (I think it's now an independent company from McLaren Group), which is again separate from the McLaren F1 Team. ""The ECU governs the entire electronic ecosystem of the car, including fuel injection, the gearbox, the clutch, the differential, energy recovery systems, and the Active Aero."" ""The connection to McLaren extends directly to the steering wheels as well. While every F1 team designs and builds the physical carbon-fiber shell and layout of their own steering wheels, they are required by regulations to use internal electronic components from McLaren Applied.""",analysis,,F1Technical
"Most of the drivers in 2025 did a two stop strategy with the c2-c3 compounds. it probably won’t be any different this year. This isn't necessarily true. I had the opportunity to ask Mario Isola some questions around the time of the Japanese GP, and he confirmed to me that the new generation of cars put a significant amount less wear into the tyres than the previous generation. That also makes logical sense too of course. The '26 cars are significantly slower in the corners than the '25 cars, but then make up for it down the straights with the active aero. That is always going to put less energy into the tyres. Obviously the compounds have been altered somewhat to account for that, but you can't simply go ""well it was a 2-stop with these compounds last year so it should be this year too"" following a major rule change like we've just had.",analysis,,F1Technical
"the softer compounds force higher degradation, which means nobody's gonna cruise through on a single stop even at a track like barcelona where you'd normally get away with it. pirelli's essentially saying ""you have to make a choice here"" rather than letting the fastest car just gap everyone and manage tyres for 40 laps. it's a bit of a sledgehammer approach but it works if you want unpredictable strategies. the tradeoff is that drivers spend more time managing rubber that's falling off a cliff instead of actually racing. you get more pit stops, which can shuffle the grid, but you also get more of that careful tyre nursing where the guy in front just inches it round and nobody can really attack. barcelona's already a hard place to overtake, so banking on strategy chaos to save the race is... something.",analysis,,F1Technical
